category,title,kJ,rate
bread,Tesco Finest Farmhouse White Bread 800G,1005,0.17
bread,Tesco Medium Sliced White Loaf 800G,975,0.09
bread,Tesco Soft White Bread Medium 800G,1045,0.13
bread,Tesco Soft White Bread Thick 800G,1045,0.13
bread,Tesco Stay Fresh White Medium Bread 800G,1040,0.08
bread,Tesco Thick Sliced White Loaf 800G,975,0.09
bread,Tesco Value Medium Sliced White Bread 800G,980,0.06
bread,Tesco Value Thick Sliced White Bread 800G,980,0.06
bread,Wheatfield Baker Soft White Farmhouse Batch 800G,1005,0.11
bread,Bakers Soft Wholemeal Medium 800G,930,0.13
bread,Bakers Soft Wholesome White Medium 800G,950,0.13
bread,Tesco Finest Farmhouse Multigrain Batch Bread 800G,1100,0.17
bread,Tesco Finest Farmhouse Multiseed Batch Bread 800G,1020,0.17
bread,Tesco Finest Farmhouse Oatmeal Batch Bread 800G,1020,0.17
bread,Tesco Finest Farmhouse Stoneground Wholemeal 800G,895,0.17
bread,Tesco Stay Fresh Wholemeal Medium Bread 800G,990,0.08
bread,Tesco Value Medium Sliced Wholemeal Bread 800G,925,0.06
bread,Tesco Wholemeal Medium Sliced Loaf 800G,925,0.09
bread,Tesco Wholemeal Thick Sliced Loaf 800G,925,0.09
bread,Schneiderbrot Vollkornbrot Rye Bread 500G,788,0.25
bread,Tesco White Thick Sliced Danish Loaf 400G,1035,0.15
cereals,Alpen High Fruit 650G,1439,0.4
cereals,Alpen No Added Sugar 1.3Kg,1488,0.31
cereals,Alpen No Added Sugar 560G,1488,0.46
cereals,Alpen Original 1.5Kg,1509,0.27
cereals,Alpen Original Muesli 750G,1509,0.35
cereals,Country Barn Cereal Flakes And Red Berries 375G,1550,0.4
cereals,Country Barn Special Flakes 500G,1570,0.3
cereals,Dorset Cereals Honey Granola 600G,,0.67
cereals,Dorset Chocolate And Macadamia Granola 600G,,0.67
cereals,Dorset Fruity And Toasted Muesli 660G,,0.61
cereals,Dorset Honest Crunch Strawberry And Raspberry 375G,,0.48
cereals,Dorset Honest Crunch Toffee And Pecan 375G,,0.53
cereals,Dorset Simply Fruity Muesli 820G,,0.34
cereals,Dorset Toasted Spelt Flakes 690G,,0.58
cereals,Nestle Oats And More Almond Cereal 425G,1679,0.49
cereals,Nestle Oats And More Honey Cereal 400G,1588,0.56
cereals,Nestle Oats More Raisin Cereal 425G,1563,0.49
cereals,Nestle Shredded Wheat 16'S 360G,1443,0.47
cereals,Nestle Shredded Wheat 30'S 675G,1443,0.38
cereals,Rude Health Early Bird Organic Muesli 500G,1431,0.56
cereals,Shredded Wheat Bitesize 500G,1461,0.2
cereals,T *Finest Fruit And Nut Muesli 750G,1625,0.29
cereals,Tesco Bran Flakes 1Kg Bigger Pack Better Value,1405,0.17
cereals,Tesco Bran Flakes 500G,1415,0.25
cereals,Tesco Fruit And Fibre Breakfast Cereal 500G,1550,0.22
cereals,Tesco Fruit And Nut Muesli 750G,1495,0.2
cereals,Tesco Healthy Living Muesli With Cranberries 1Kg,1315,0.22
cereals,Tesco Mini Wheat Pillows 500G,1410,0.26
cereals,Tesco No Added Sugar Salt Swiss Style Muesli 1Kg,1465,0.2
cereals,Tesco Sultana Bran 500G,1375,0.25
cereals,Tesco Sultana Bran 750G,1370,0.21
cereals,Tesco Swiss Style Muesli 1Kg,1480,0.2
cereals,Tesco Value Bran Flakes 750G,1415,0.1
cereals,Tesco Value Muesli 1Kg,1405,0.07
cereals,Tesco Wholefoods Pure Oatbran 500G,1455,0.2
cereals,Tesco Wholewheat Muesli 750G,1410,0.21
cereals,Alpen 10 Pack Lite Summer Fruits Cereal Bars 210G,1222,1.57
cereals,Alpen 10Pk Fruit Nut And Chocolate Cereal Bars 290G,1812,1.14
cereals,Alpen Coconut And Chocolate Cereal Bars 5Pk 145G,1863,1.24
cereals,Alpen Fruit And Nut With Chocolate Cereal Bar 5X29g,1812,1.24
cereals,Alpen Light Bars Chocolate And Orange 5X21g,1246,1.71
cereals,Alpen Light Chocolate And Fudge Bar 5X21g,1264,1.71
cereals,Alpen Light Sultana & Apple Bars 5Pk 105G,1197,1.71
cereals,Alpen Light Summer Fruits Bars 5Pk 105G,1222,1.71
cereals,Alpen Raspberry And Yoghurt Cereal Bars5x29g,1748,1.24
cereals,Alpen Strawberry With Yoghurt Cereal Bar 5X29g,1756,1.24
cereals,Kelloggs Rice Krispie Squares 4 X 28G,,1.6
cereals,Tesco Apple Grain Bars 8Pk 296G,1565,0.49
cereals,Tesco Crispy Marshmallow Squares 4Pk 112G,1760,0.85
cereals,Tesco Crispy Squares Chocolate Chip 4Pk 144G,1890,0.66
cereals,Tesco Finest* 3 Cranberry Blueberry And Almond Bars 3 X 40G,1521,1.5
cereals,Tesco Light Choices 6 Chocolate And Orange Cereal Bars 132G,1625,0.98
cereals,Tesco Light Choices Cranberry & Blackcurrant Cereal Bars 150G,1250,0.91
cereals,Tesco Maple Syrup Granola Bars 6 Pack 252G,2030,0.59
cereals,Tesco Strawberry Grain Bars 8Pk 296G,1480,0.49
cereals,Tesco Value Strawberry And White Chocolate Cereal Bars 125G 6Pk,1695,0.61
cereals,Tesco Value Strawberry Cereal Bar 125G,1570,0.49
cereals,Weetabix Milk Chocolate Oaty Bars 5X23g,1230,1.27
cereals,Weetabix Oaty Bars Toffee 5Pk 115G,1459,1.27
cereals,Weetabix White Chocolate Oaty Bars 5X23g,1226,1.27
cereals,Nestle Cheerios 375G,1562,0.4
cereals,Nestle Cheerios 600G,1562,0.46
cereals,Nestle Chocapic 375G,1616,0.4
cereals,Nestle Coco Shreddies 500G,1521,0.4
cereals,Nestle Cookie Crisp 565G,1589,0.53
cereals,Nestle Cookie Crisp Cereal 375G,1589,0.56
cereals,Nestle Crunch Cereal 375G,1720,0.58
cereals,Nestle Frosted Shreddies 500G,1521,0.4
cereals,Nestle Golden Nuggets 375G,1601,0.56
cereals,Nestle Honey Cheerios 375G,1563,0.53
cereals,Nestle Honey Cheerios 600G,1563,0.45
cereals,Nestle Honey Shreddies 500G,1524,0.4
cereals,Nestle Nesquik Cereal 375G,1608,0.53
cereals,Nestle Shreddies 1Kg,1570,0.32
cereals,Nestle Shreddies 500G,1491,0.4
cereals,Nestle Shreddies 750G,1491,0.36
cereals,Red Lion Malted Wheats 750G,1464,0.24
cereals,Tesco Choco Snaps 375G,1635,0.34
cereals,Tesco Choco Snaps 600G,1630,0.29
cereals,Tesco Frosted Flakes 500G,1625,0.25
cereals,Tesco Frosted Flakes 750G,1620,0.19
cereals,Tesco Malt Wheats 750G,1465,0.2
cereals,Tesco Multigrain Boulders 375G,1590,0.26
cereals,Tesco Multigrain Hoops 375G,1595,0.26
cereals,Tesco Rice Snaps 375G,1635,0.26
cereals,Tesco Rice Snaps 600G,1620,0.28
cereals,Tesco Value Rice Snaps 440G,1595,0.16
cereals,Weetabix Chocolate 24S 540G,1464,0.48
cereals,Weetabix Minis Chocolate 750G,1638,0.36
cereals,Weetabix Minis Chocolate Crisp 450G,1638,0.4
cereals,Weetabix Weetos 500G,1601,0.5
cereals,Weetabix Weetos Aliens 375G,1624,0.53
cereals,Nestle Clusters 435G,,0.47
cereals,Shredded Wheat Blackberry Blackcurrant Blueberry 525G,1472,0.53
cereals,Shredded Wheat Honey Nut 500G,1674,0.2
cereals,Shredded Wheat Raspberry Strawberry And Cranberry 525G,1472,0.53
cereals,Tesco Apricot Wheats 500G,1365,0.36
cereals,Tesco Blueberry Wheats 500G,1355,0.36
cereals,Tesco Cranberry Wheats 500G,1360,0.36
cereals,Tesco Crunchy Oat Cereal With Tropical Fruit 1Kg,1840,0.15
cereals,Tesco Crunchy Oat Crisp Sul/Hon/C/ Almond And Fruit 1Kg,1885,0.16
cereals,Tesco Honey And Nut Cornflakes 500G,1685,0.26
cereals,Tesco Honey And Nut Cornflakes 750G,1670,0.24
cereals,Tesco Maple And Pecan Crisp 500G,1925,0.25
cereals,Tesco Pomegranate And Raspberry Wheats 500G,1355,0.36
cereals,Tesco Strawberry Crisp 500G,1890,0.25
cereals,Weetabix Minis Fruit And Nut Crisp 450G,1578,0.4
cereals,Weetabix Minis Honey And Nut Crisp 450G,1585,0.4
cereals,Flahavans Organic Jumbo Oatlets 1Kg,1613.3,0.23
cereals,Flahavans Organic Porridge Oatlets 1Kg,1613.3,0.21
cereals,Ready Brek Honey 500G,1535,0.38
cereals,Ready Brek Original 750G,1515,0.33
cereals,Ready Brek Original Flavour 500G,1515,0.38
cereals,T *Finest Porridge Oats 750G,1515,0.17
cereals,Tesco Finest* Fruit And Nut Porridge 500G,1525,0.3
cereals,Tesco Instant Hot Oat Cereal 500G,1515,0.19
cereals,Tesco Micro Oats Golden Syrup312g,1565,0.41
cereals,Tesco Micro Oats Original 270G,1515,0.48
cereals,Tesco Organic Porridge Oats 750G,1515,0.2
cereals,Tesco Scottish Porridge Oats 500G,1515,0.12
cereals,Tesco Value Oats 1Kg,1515,0.08
cereals,Weetabix Ready Brek Chocolate 500G,1526,0.38
cereals,Nestle Force 375G,1457,0.28
cereals,Tesco Cornflakes 500G,1605,0.19
cereals,Tesco Cornflakes 750G,1600,0.17
cereals,Tesco Wheat Biscuits 48'S 860G,1435,0.31
cereals,Weetabix 12'S,1432,0
cereals,Weetabix Crispy Minis 500G,1578,0.4
cereals,Weetabix Oatibix Original Bitesize 550G,1665,0.45
cereals,Weetabix Oatibix Sultana & Apple Bitesize 550G,1632,0.45
cereals,Weetabix Oatiflakes 550G,1613,0.45
snacks,Fudges Cheese And Black Pepper Straws 100G,,1.99
snacks,Fudges Stilton Straws 100G,,1.99
snacks,Tesco 3 Seed Mini Breadsticks 75G,1980,1.32
snacks,Tesco Black Olive And Basil Mini Twists 75G,2070,1.32
snacks,Tesco Breadstick And Bites Selection 225G,0,1.11
snacks,Tesco Breadstick Assortment 120G,0,0.83
snacks,Tesco Cheese Twists 125G,2120,0.84
snacks,Tesco Chive And Onion Twists 125G,1995,0.8
snacks,Tesco Finest Four Cheese Twists 130G,2190,1.16
snacks,Tesco Finest Italian Parmesan Torinsi Breadsticks 125G,1680,0.8
snacks,Tesco Italian Original Breadsticks 125G,1725,0.44
snacks,Tesco Original Mini Breadsticks 100G,1725,0.65
snacks,Tesco Sesame Breadsticks 125G,1715,0.62
snacks,Carrs Table Water Biscuits 125 Grams,1714,0.88
snacks,Carrs Table Water Biscuits 200G,1690,0.75
snacks,Dr Karg Organic Cheese And Pumpkin Seed Crisp Bread 200G,1714,1.05
snacks,Fudges Cheddar Wafers 100G,2148,1.99
snacks,Fudges Oat And Thyme Square 130G,,1.15
snacks,Mcvities Butter Puffs 200G,2064,0.53
snacks,Nairns Cheese Oatcake 200G,1967,0.6
snacks,Nairns Fine Oatcakes 300G,1879,0.26
snacks,Nairns Organic Rough Oatcakes 250G,1757,0.36
snacks,Nairns Rough Oatcakes 300G,1766,0.3
snacks,Real Foods Original Corn Thins 150G,1599,0.79
snacks,Ryvita Dark Rye 250G,1321,0.35
snacks,Ryvita Multiseed Thins 125G,1509,1.48
snacks,Ryvita Pumpkin And Oats 200G,1524,0.73
snacks,Ryvita Sunflower And Oats 200G,1470,0.73
snacks,Ryvita Wholemeal Rye Crisp Bread Sesame Seed 250G,1429,0.46
snacks,T.Organic Rice Cakes No Added Salt 130G,1605,0.76
snacks,Tesco Biscuits For Cheese 500G,1935,0.54
snacks,Tesco Cheese Thins 150G,2215,0.57
snacks,Tesco Crak'n'snak 150G,1960,0.6
snacks,Tesco Cream Crackers 200G,1805,0.13
snacks,Tesco Disney Apple Rice Cakes 6 Pack 132G,1575,1.47
snacks,Tesco Finest Biscuits For Cheese 300G,2065,0.79
snacks,Tesco Finest Farmhouse Cheese Straws 100G,2160,1.69
snacks,Tesco Finest Rock Salt And Pepper Flatbreads 125G,1710,1.36
snacks,Tesco Finest Stilton And Walnut Flatbreads 125G,1890,1.6
snacks,Tesco French Toast 200G,1835,0.47
snacks,"Tesco Healthy Living Honey, Oat And Linseed Crackers 200G",0.99,
snacks,Tesco High Baked Water Biscuits 200G,1710,0.35
snacks,Tesco Light Choices Melba Toast 200G,1585,0.65
snacks,Tesco Lightly Salted Rice Cake 100G,1605,0.66
snacks,Tesco Mini Salt And Vinegar Rice Cakes 6 Pack 132G,1620,1.47
snacks,Tesco Reduced Fat Cream Cracker 200G,1720,0.13
snacks,Tesco Rice Cakes Mild Chilli 144G,1675,0.87
snacks,Tesco Rough Oatcakes 250G,1815,0.36
snacks,Tesco Rye Crispbreads 200G (Pe),1320,0.29
snacks,Tesco Salt And Vinegar Rice Cakes 132G Price Marked,1456,0.87
snacks,Tesco Sesame And Poppy Thins 150G,2010,0.37
snacks,Tesco Snackers 200G,1969,0.4
snacks,Tesco Buz Rocket Bakes Cheese And Onion 6 X 20G,1820,1.25
snacks,Tesco Disney Cheesey Tortilla Chips 6 X 20G,1685,1.25
snacks,Burts Sea Salt Potato Chips 150G,2149,1.07
snacks,Burts Smoked Streaky Bacon Potato Chips 150G,2283,1.07
snacks,Butchers Pork Scratchings 75G,2445,1.12
snacks,Extra Crunchy Cheddar And Sour Cream 150G,1996,1.17
snacks,Extra Crunchy Salt And Malt Vinegar 150G,1938,1.17
snacks,Extra Crunchy Simply Salted 150G,1979,1.17
snacks,Extra Crunchy Sweet Chilli Chicken 150G,1998,1.17
snacks,Kettle Chips Balsamic Vinegar And Sea Salt 150G,2094,1.24
snacks,Kettle Chips Cheese And Onion 150G,2106,1.24
snacks,Kettle Chips Lightly Salted 150G,2139,1.24
snacks,Kettle Chips Sea Salt And Black Peppercorns 150G,1973,1.24
snacks,Kettle Chips Smoky Barbeque 150G 150G,2088,1.24
snacks,Kettle Chips Sour Cream And Onion 150G,2103,1.24
snacks,Kettle Chips Sweet Chilli 150G,2167,1.24
snacks,Kettle Lightly Salted Chips 300G,2015,1.09
snacks,Kettle Ridge Crisps Cheese And Onion 150G,2175,1.17
snacks,Kettle Ridge Crisps Flamed Steak 150G,2134,1.17
snacks,Kettle Ridge Crisps Salt And Malt Vinegar 150G,2130,1.17
snacks,Kettle Ridge Crisps Spicy Chilli 150G,2140,1.17
snacks,Kettle Sea Salt And Balsamic Vinegar 300G,1992,1.09
snacks,Kettle Select Vegetable 100G,2027,1.99
snacks,My Porky Pork Crackles Sharing Bag 70G,,1.25
snacks,Penn State Salted Pretzels 175G,1592,0.74
snacks,Seabrook Cheese & Onion Sharing Bag 140G,2217,0.91
snacks,Seabrook Hot & Spicy Oriental Crisps,2230,1.28
snacks,Seabrook Hot And Spicy 2 Chilli Crisps 113.4G,2224,1.29
snacks,Seabrook Hot And Spicy Mustard Crisps 113.4G,2233,1.3
snacks,Seabrook Hot& Spicy Wasabi Crisps,2149,1.26
snacks,Seabrook Sea Salt & Black Pepper Sharing Bag 140G,2216,0.91
snacks,Seabrook Sea Salted Sharing Bag 140G,2283,0.84
snacks,Sensations Lime/Coriander Chutney Poppadoms 82.5G,1945,1.06
snacks,Sensations Onion And Balsamic Vinegar 150G,2099,0.58
snacks,Sensations Oriental Red Curry 150G,2108,0.44
snacks,Sensations Oven Roast Chicken Thyme 150G,2101,0.58
snacks,Sensations Roasted Tomato And Spices 150G,2058,0.54
snacks,Sensations Southern Style Barbeque 150G,2101,0.58
snacks,Sensations Spare Rib And 5 Spice 110G,1965,0.79
snacks,Sensations Thai Sweet Chilli 150G,2105,0.54
snacks,Sensations Vintage Cheddar Red Onion Chutney. 150G,2070,0.58
snacks,Tesco Bacon Rashers 150G,2130,0.58
snacks,Tesco Cheese And Chive Potato Snack 100G,2125,0.9
snacks,Tesco Cheese Balls 150G,2235,0.58
snacks,Tesco Cheese Puffs 150G,2275,0.58
snacks,Tesco Cheese Savouries 250G,2175,0.34
snacks,Tesco Finest Barbeque Hand Cooked Crisps 150G,2025,0.93
snacks,Tesco Finest Honey Roast Ham Crisps 150G,2150,0.93
snacks,Tesco Finest Lightly Salted Crisps 150G,2150,0.93
snacks,Tesco Finest Mature Cheddar And Onion Crisps 150G,2030,0.93
snacks,Tesco Finest Root Vegetable Crisps 100G,1692,1.39
snacks,Tesco Finest Sea Slt/ Cider And Vinegar Crisps 150G,2005,0.93
snacks,Tesco Finest Sweet Chilli Crisps 150G,2150,0.93
snacks,Tesco Finest Tomato Garlic And Basil Crisp 150G,2150,0.93
snacks,Tesco Giant Pretzels 200G,1655,0.75
snacks,Tesco Potato Chips 150G,2230,0.58
snacks,Tesco Potato Rings 185G,2160,0.58
snacks,Tesco Prawn Cocktail Snacks 85G,2201,1
snacks,Tesco Ready Salted Snack Mix 150G,2265,1.51
snacks,Tesco Salt And Vinegar Crunchy Sticks 150G,2005,0.58
snacks,Tesco Sour Cream And Chive Snack Mix 150G,2190,1.29
snacks,Tesco Sweet Chilli Cassava Crackers 80G,1700,1.24
snacks,Pringles Cheese And Onion 165G,,1.21
snacks,Pringles King Can Sour Cream Onion 190G,,1.25
snacks,Pringles King Can Texas Barbeque Sauce 190G,,1.25
snacks,Pringles Original 165G,,1.21
snacks,Pringles Prawn Cocktail 165G,,1.21
snacks,Pringles Sea Salt And Balsamic Vinegar 165G,2131,0.61
snacks,Pringles Sour Cream And Onion 165G,,1.21
snacks,Pringles Texas Barbeque 165G,,1.21
snacks,Pringles Tomato And Mozzarella 165G,2158,0.61
snacks,Pringles Xtreme King Can Cheese And Chilli 175G,2155,0.67
snacks,Pringles Xtreme King Can Paprika And Bacon 175G,2163,0.67
snacks,Pringles Xtreme King Can Smokin' Ribs 175G,2149,0.67
snacks,Pringles Xtreme Spicy Sour Cream And Onion 175G,2152,0.67
snacks,Seabrook Crinkle Cut Sea Salted Crisps 6 Pack,2283,23.17
snacks,Tesco Cheese And Onion Crisps 6 Pack,2220,0.66
snacks,Tesco Ready Salted Crisps 6 Pack,2215,0.66
snacks,Walkers Crinkles Cheddar And Onion 32G,2241,1.35
snacks,Walkers Crinkles Salt And Malt Vinegar 32G,2235,1.35
snacks,Walkers Crinkles Salt And Malt Vinegar 6X28g,2235,0.6
snacks,Walkers Crinkles Sea Salted 32G,2272,1.35
snacks,Walkers Crinkles Sea Salted 6X28g,2272,0.6
snacks,Seabrook Canadian Ham Crisps 31.8G,2218,1.11
snacks,Seabrook Cream Cheese&Chive Crisps 31.8G,2221,0.94
snacks,Seabrook Crinkle Beefy Crisps 31.8G,2215,1.11
snacks,Seabrook Crinkle Cheese And Onion Crisps 31.8G,2217,1.11
snacks,Seabrook Crinkle Original Crisps 31.8G,2283,1.11
snacks,Seabrook Crinkle Prawn Cocktail Crisps 31.8G,2192,0.94
snacks,Seabrook Crinkle Salt And Vinegar Crisps 31.8G,2170,1.11
snacks,Seabrook Crinkle Tomato Ketchup Crisps 31.8G,2188,0.94
snacks,Sunbites Sour Cream And Black Pepper 28G,2012,1.61
snacks,Walkers Baked Cheese Onion 37.5G,1672,1.8
snacks,Walkers Cheese And Onion Crisps 34.5G,2190,1.31
snacks,Walkers Doritos Cool Original 40G,2090,1.38
snacks,Walkers Monster Munch Mega Flaminghot40g(P),2050,1.15
snacks,Walkers Monster Munch Mega Picked Onion 40G,2050,1.4
snacks,Walkers Quavers Cheese 20 Grams,2210,2.3
snacks,Walkers Ready Salted Crisps 34.5G,2207,1.16
snacks,Walkers Salt And Vinegar Crisps 34.5G,2196.6,1.16
snacks,Walkers Sensations Sweet Chilli 40G,2035,1.15
snacks,Walkers Smokey Bacon Crisps 34.5G,2200,1.16
snacks,Walkers Worcester Sauce Crisps 34.5G,2215,1.31
snacks,Tesco Cool Salsa Dip 300G,125,0.3
snacks,Tesco Hot Salsa Dip 300G,125,0.3
snacks,Nairns Mixed Berries Oat Biscuits 200G,1823,0.55
snacks,Oatland Biscuit Co Crispy Nutty Seed Bites 200G,2100,0.53
snacks,Tesco Light Choices Cranberry Crispy Slices 218G,1550,0.48
snacks,Tesco Light Choices Forest Fruit And Raisin Bars 6Pk 162G,1485,0.74
snacks,Tesco Light Choices Raisin Crispy Slices 218G,1550,0.48
snacks,Tesco Reduced Fat Biscuit And Raisin Bars 7X22g Pack,1727,0.68
snacks,Tesco Reduced Fat Crispy Orange Bars 7Pk,1783,0.68
snacks,Tesco Reduced Fat Digestive Biscuits 400G,1900,0.21
snacks,Tesco Reduced Fat Rich Tea Biscuits 300G,1785,0.21
snacks,Cadbury Biscbit Caramel Crisp Squares 110Grams,,1.63
snacks,Cadbury Chocolate Crunch Squares 110G,,1.63
snacks,Cadbury Honeycomb Rings 110G,,1.63
snacks,Cadbury Orange Crunch Bites 110G,,1.63
snacks,Tesco Buttery Viennese Selection 300G,2205,1.07
snacks,Tesco Chunky Chocolate Selection 300G,2155,1.02
snacks,Van Souter Continental Biscuit Assortment 500G,2165,0.69
snacks,Tesco Value Caramel Wafers 5 Pack,1930,0.47
snacks,Tesco Value Milk Chocolate Digestive Bars 18Pk,2105,0.34
snacks,Burtons Jammie Dodgers 150G,,0.77
snacks,Burtons Mini Jammie Dodgers Lunch Box 7Pk,,0.79
snacks,Cadbury Bourneville Fingers 125G,,1.52
snacks,Cadbury Double Chocolate Fingers 125G,,1.52
snacks,Cadbury Dream Fingers 125G,2230,1.6
snacks,Cadbury Fingers Toffee Crunch Carton 125G,,1.6
snacks,Cadbury Mini Fingers Snack Pack 132G,,1.21
snacks,Cadburys Chocolate Animals Mini Packs 8 X 25G,,0.55
snacks,Choccie Dodgers 140G,,0.82
snacks,Fudges Dipped Chocolate Chip Biscuits 130G,,1.54
snacks,Fudges Dipped Lemon Zest Biscuits 130G,,1.54
snacks,Fudges Dipped Oat And Sultana Biscuits 130G,,1.54
snacks,Fudges Roasted Almond Biscuit 150G,,1.33
snacks,Jammie Dodgers Lemon 150G,,0.77
snacks,Jules Destrooper Almond Thins 75 Grams,1863,1.46
snacks,Jules Destrooper Butter Crisp 75 Grams,1920,1.46
snacks,Maryland Big And Chunky Chocolate And Flap Jack Biscuit 200G,,0.9
snacks,Maryland Big And Chunky Hazlenut Crunch 200G,,0.9
snacks,Maryland Chocolate Chip And Hazelnut Cookies 150G,,0.66
snacks,Maryland Chocolate Chip Cookies 250G,,0.6
snacks,Maryland Chunkies White Chocolate Brownie 200G,,0.9
snacks,Maryland Double Chocolate Cookies 250G,,0.6
snacks,Maryland Traditional Chocolate Chip Cookies 150G,,0.66
snacks,Mini Oreo Vanilla 150G,1993,1.06
snacks,Oatland Biscuit Co Chocolate Brownie Cookies 200G(Pe),2145,0.4
snacks,Oatland Biscuit Co Chocolate Chip Cookies 200G(Pe),2115,0.4
snacks,Oatland Biscuit Co Milk Chocolate Oaties 300G,2030,0.32
snacks,Oatland Biscuit Co Oaties 300G,1975,0.17
snacks,Tesco Buttery Viennese Biscuits 150G,2245,0.86
snacks,Tesco Chewy Chocolate Cookies 200G,2020,0.65
snacks,Tesco Chocolate Chip Cookies 250G,2005,0.2
snacks,Tesco Chocolate Chunk Cookies 200G,2150,0.66
snacks,Tesco Chocolate Coated Malted Milk 250G,2100,0.36
snacks,Tesco Chocolate Viennese Biscuits 150G,2210,0.92
snacks,Tesco Chunky Chocolate Digestives 190G,2100,0.71
snacks,Tesco Chunky Chocolate Shortcakes 175G,2145,0.77
snacks,Tesco Creamy Chocolate Sundaes 125G,2215,1.08
snacks,Tesco Currant And Cinnamon Cakey Cookie 200G,1765,0.65
snacks,Tesco Danish Butter Cookies 500G Tin (Pe),2115,0.42
snacks,Tesco Finest Half Coated Triple Chocolate Cookie 200G,2085,0.87
snacks,Tesco Finest Oat And Honey All Butter Biscuits 150G,2070,0.67
snacks,Tesco Finest Raspberry And White Chocolate All Butter Biscuit 150G,2150,1.16
snacks,Tesco Finest Stem Ginger Cookies 150G,1940,1.1
snacks,"Tesco Fruit, Nut And Chocolate Chunk Cookies 200G",1.32,
snacks,Tesco Milk Chocolate Digestives 300G,2045,0.29
snacks,Tesco Value Chocolate Chip Cookie 250G,2075,0.16
snacks,Tesco Value Snowballs 6Pk 110G,1805,0.37
snacks,Tesco Velvety Caramel Chocolate Shortcake 150G,2080,0.93
snacks,Toffee Dodgers 140G,,0.82
snacks,Van Souter Dark Chocolate Coated Biscuits125g(Pe),2074,0.7
snacks,Van Souter Milk Chocolate Coated Biscuits125g,2120,0.7
snacks,Dairy Free Chocolate Buttons 25G,2285,1.68
snacks,Dairy Free White Chocolate Buttons 25G,2210,1.64
snacks,Humdinger Japanese Mini Rice Crackers,1611,0.98
snacks,Tesco Free From Belgian Chocolate Break,2325,1.63
snacks,Tesco Free From Cheese Crackers 120G,1830,1.33
snacks,Tesco Free From Chocolate Chip Cookies 150G,2200,0.91
snacks,Tesco Free From Chocolate Digestive Biscuits 200G,2085,0.76
snacks,Tesco Free From Ginger Cookies 200G,2005,1.1
snacks,Tesco Free From Jammy Wheels 200G,1845,0.75
snacks,Tesco Free From Mini Breadsticks 150G,1798,1.06
snacks,Tesco Free From Plain Digestive Biscuits 150G,2035,0.8
snacks,Patersons Shortbread Fingers 150G,,0.33
snacks,Tesco Bourbon Creams 200G,2020,0.22
snacks,Tesco Chocolate Chip Digestives 400G,2020,0.18
snacks,Tesco Coconut Rings 250G,2015,0.28
snacks,Tesco Custard Cream Biscuits 400G,2060,0.16
snacks,Tesco Digestive Biscuits 500G,2025,0.14
snacks,Tesco Fig Rolls 200G,1710,0.22
snacks,Tesco Finest Shortbread Fingers 165G,2195,0.82
snacks,Tesco Finest* Scottish Shortbread Assortment 400G,2180,0.82
snacks,Tesco Fruit Shortcake Biscuits 250G,2095,0.44
snacks,Tesco Ginger Nuts 200G,1880,0.2
snacks,Tesco Jam Sandwich Creams 150G,2030,0.37
snacks,Tesco Malted Milk Biscuits 200G,2055,0.23
snacks,Tesco Nice 200G,2055,0.2
snacks,Tesco Rich Shorties Biscuits 300G,2025,0.25
snacks,Tesco Rich Tea 300G,1925,0.13
snacks,Tesco Rich Tea Finger Biscuits 250G,1885,0.22
snacks,Tesco Scottish All Butter Chocolate Chip Shortbread 160G,2190,0.37
snacks,Tesco Shortcake Biscuits 200G,2115,0.27
snacks,Tesco Stem Ginger Biscuits 200G,2040,0.4
snacks,Tesco Thick All Butter Shortbread Fingers 250G,2185,0.32
snacks,Tesco Value Biscuit Barrell 900G,0,0.14
snacks,Tesco Value Bourbon Creams 400G,2010,0.11
snacks,Tesco Value Custard Cream Biscuits 400G,2080,0.11
snacks,Tesco Value Digestive Biscuits 400G,2020,0.07
snacks,Tesco Value Ginger Nuts 300G,1900,0.11
snacks,Tesco Value Rich Tea 300G,1905,0.08
snacks,Tesco Value Shortbread Fingers 125G,2125,0.21
snacks,Centennial Roasted Salted Mixed Nuts 150G,2685,0.66
snacks,Tesco Bombay Mix 200G,2040,0.55
snacks,Tesco Roasted Salted Nut Assortment 300G,2415,1.16
snacks,Tesco Unsalted Mixed Nuts 300G,2665,1.7
snacks,Dormen Smoked Almonds 140G,2634,1.45
snacks,Dormen Wasabi Peanuts 140G,2058,1.45
snacks,Tesco Honey Peanut/Cashew 150G,2475,0.99
snacks,Tesco Peanut Cracker Mix 200G,1875,1.29
snacks,Tesco Unsalted Roasted Monkey Nuts 300G,2200,0.37
snacks,Wonderful Pistachios Roasted And Salted 250G,2391,1.08
snacks,Wonderful Pistachios Salt And Pepper 250G,2391,1.08
snacks,Centennial Roasted And Salted Peanuts 400G,2470,0.23
snacks,Tesco Jumbo Peanuts 200G,2470,0.51
snacks,Butterkist Toffee Popcorn 200G,,0.7
snacks,Butterkist Toffee Popcorn 6 X 30G,,0.83
snacks,Eastmans Popcorn 200G,1970,0.44
snacks,Popz Microwave Butter Popcorn 300G,2020,0.66
snacks,Popz Microwave Ready Salted Popcorn 300G,2000,0.66
snacks,Popz Microwave Sweet Popcorn 300G,1920,0.66
snacks,Baileys Original Irish Cream Truffles 190G,2111,2.15
snacks,Bassetts Liquorice Allsorts 600G,,0.66
snacks,Bendicks Chocolate Ginger 180G,1800,2.84
snacks,Bendicks Mint Collection 200G,1950,2.03
snacks,Cadburys Heroes 400G Including Wraps,,0.75
snacks,Cadburys Milk Tray 200G,,2
snacks,Cadburys Roses 400G Including Wraps,,0.75
snacks,Cadburys Roses Mini Carton 70G,,1.89
snacks,Continental Selection 200G,2103,0.71
snacks,Green And Black's Milk And White Minis 12 Pack 180G,2315,3.05
snacks,Green And Black's Miniatures Collection 360G,,2.78
snacks,Green And Black's Organic Chocolate Squares 200G,2287,2.75
snacks,Green And Blacks The Miniature Bar Collect 180G,2324,3.05
snacks,Guylian Belgian Chocolate Seashells 65G,2293.2,1.99
snacks,Guylian Seashells 250G,2293.2,1.6
snacks,Paynes Just Brazils Milk 180G,,2.27
snacks,Sultans Rose Plus Lemon Turkish Delight 325G,1459,0.72
snacks,Terrys Chocolate Orange Segsations 330G,2205,0.91
snacks,Tesco All Butter Fudge 150G,1830,0.81
snacks,Tesco Belgian Chocolate Seashells 250G,2270,0.8
snacks,Tesco Chocolate Turkish Delight Thins 200G,1860,0.5
snacks,Tesco Coconut Ice 150G,1795,1.22
snacks,Tesco Dark Chocolate Mint Thins 200G,1870,0.5
snacks,Tesco Finest Belgian Chocolate Assortment 200G,2250,1.25
snacks,Tesco Finest Chocolates 60G,2320,3.05
snacks,Tesco Finest Gianduiotti Chocolates 180G,2415,1.67
snacks,Tesco Orange Flavoured Chocolate Segments 160G,2165,0.63
snacks,Tesco Peanut Brittle 150G,2130,0.83
snacks,Tesco Value Assorted Chocolates And Toffees 750G,1865,0.31
snacks,Toblerone Fruit And Nut 400G,2060,1
snacks,M And M's Chocolate Bag 185G,,0.81
snacks,M And M's Peanut 185G,,0.81
snacks,M&Ms Peanut Large Pouch 315G,,0.88
snacks,Maltesers Bag 135G,,1.4
snacks,Maltesers Large Pouch 230G,,1.21
snacks,Mars Galaxy Counters Pouch 140G,,1.08
snacks,Mars Milkyway Magic Stars Pouch 130G,,1.16
snacks,Mars Planets Pouch 150G,,1
snacks,Minstrels Bag 170G,,0.88
snacks,Minstrels Large Pouch 290G,,0.96
snacks,Revels Bag 140G,,1.08
snacks,Revels Large Pouch 240G,,1.16
snacks,Tesco Milk Chocolate American Peanuts 200G,2330,0.34
snacks,Tesco Milk Chocolate Big Buttons 170G,2130,0.6
snacks,Tesco Milk Chocolate Coated Raisins 200G,1760,0.34
snacks,Kinder Bueno Milk And Hazelnut 4 Twin Bars 172G,,0.98
snacks,Mars Snacktime 10 Pack 365G,,0.55
snacks,Milky Way Snacktime 12 Pack 262.8G,,0.76
snacks,Milkyway 6 Pack 131.4G,,0.91
snacks,Tesco 20 Chocolate Fun Bars 414G,1995,0.47
snacks,Tesco Cool Coconut 10 Pack 25G,1985,0.4
snacks,Tesco Cool Coconut Bars 275G,1985,0.36
snacks,Tesco Crazy Caramel 4 Pack 55G,1935,0.53
snacks,Tesco Crazy Caramel 8 Pack 320G,1935,0.36
snacks,Tesco Crazy Caramel Bars 280G,1935,0.41
snacks,Tesco Crunchy Caramel Biscuit 7Pk 42G,2050,0.39
snacks,Tesco Crunchy Caramel Biscuit Bar 319G,2030,0.33
snacks,Tesco Crunchy Caramel Biscuit Bars 4 Pack 232G,2030,0.34
snacks,Tesco Nutty Nougat Caramel 280G,2105,0.48
snacks,Tesco Nutty Nougat Caramel 8 Pack,2050,0.36
snacks,Tesco Nutty Nougat Caramel Bars 4 Pack 55G,2065,0.53
snacks,Tesco Wild And Whippy 10 Pack 260G,1930,0.38
snacks,Tesco Wild And Whippy Bars 280G,1930,0.37
snacks,Bloomsberry Emergency Chocolate 100G,2330,1.99
snacks,Cadbury Picnic 48.4G,1930,1.18
snacks,Cadbury Twirl 2 Fingers,2205,1.18
snacks,Divine 85% Dark Chocolate 100G,2430,1.52
snacks,Galaxy Ripple Single Bar 33G,,1.73
snacks,Green And Black's Creamy Milk Chocolate 100G,2375,1.82
snacks,Green And Black's Expresso Chocolate Bar 100G,2280,2.09
snacks,Green And Black's Hazlenut And Currant Dark Chocolate 100G,,2.09
snacks,Green And Black's Hazlenut And Raisins Milk Chocolate 100G,2320,1.82
snacks,Green And Black's Maya Gold Choc/ Orng/Spices 100G,2194,1.82
snacks,Green And Black's Organic Dark Chocolate And Mint 100G,1996,2.09
snacks,Green And Black's Organic Milk Chocolate 100G,,1.82
snacks,Green And Black's Organic Milk Chocolate And Almonds 100G,,2.09
snacks,Green And Black's Organic Milk Chocolate And Caramel 100G,2136,2.09
snacks,Green And Black's Organic White Chocolate 100G,,1.82
snacks,Green And Blacks Dark 85% Cocoa Bar 100G,,1.82
snacks,Green And Blacks Dark Cherry Bar 100G,,1.82
snacks,Green And Blacks Dark With Ginger Bar 100G,,1.82
snacks,Green And Blacks Milk Butterscotch Bar 100G,2211,1.82
snacks,Mars Bar Single 58G Fa Flash,,0.85
snacks,Mars Duo Bars 85G Fa Flash,,0.78
snacks,Mars Single 58G,,0.85
snacks,Milka Daim Chocolate Bar 100G,2220,1.05
snacks,Milka Happy Cows Alpine Milk And White Chocolate 100G,2215,1.05
snacks,Milky Way Twin Pack 43.8G,,1.06
snacks,Ryelands Hazelnut Milk Chocolate 200G,2280,0.46
snacks,Ryelands Milk Chocolate 200G,2180,0.45
snacks,Ryelands Milk Chocolate Fruit And Nut 200G,2050,0.47
snacks,Ryelands Plain Chocolate 200G,2205,0.45
snacks,Ryelands White Chocolate 200G,2265,0.48
snacks,Snickers Duo 95.4G,,0.69
snacks,Snickers Single 58G,,0.85
snacks,Tesco 33% Cocoa Ecudador Milk Chocolate 100G,2390,0.81
snacks,Tesco 85% Cocoa Ecuador/Ivory Coast Chocolate 100G,2270,0.91
snacks,Tesco Continental 74% Plain Chocolate 100G,2235,0.81
snacks,Tesco Finest Swiss 72% Plain Chocolate 100G,2350,1.11
snacks,Tesco Finest Swiss 85% Plain Chocolate 100G,2360,1.11
snacks,Tesco Finest Swiss Chocolate Orange And Almonds 100G,2191,1.11
snacks,Tesco Finest Swiss Chocolate With Caramel 100G,2289,1.11
snacks,Tesco Finest Swiss Milk Chocolate 100G,2323,1.11
snacks,Tesco Finest Swiss Plain Mint Chocolate 100G,2170,1.11
snacks,Tesco Finest Swiss Vanilla And White Chocolate 100G,2450,1.11
snacks,Tesco Finest* F/T Organic 70% Dominican Chocolate 100G,2365,1.32
snacks,Tesco Finest* Fair Trade Organic 39% Ecuador Milk Chocolate 100G,2360,1.32
snacks,Tesco Finest* Fair Trade Organic 70% Dr Plain Chocolate Ginger 100G,2165,1.32
snacks,Tesco Finest* Fair Trade Organic 85% Ecuador Plain Chocolate 100G,2515,1.32
snacks,Tesco Finest* Fair Trade Organic Ecuador 39% Milk Choc/Almond 100G,2270,1.32
snacks,Tesco Finest* Fair Trade Organic White Chocolate Domaine Repub 100G,2460,1.32
snacks,Tesco Milk Chocolate Caramel 150G,1945,0.75
snacks,Tesco Milk Chocolate Turkish Delight 150G,1865,0.7
snacks,Tesco Rfa Fruit And Nut Milk Chocolate Bar 200G,2140,0.63
snacks,Tesco Rfa Fruit And Nut Plain Chocolate 200G,2130,0.63
snacks,Tesco Rfa Milk Chocolate 200G,2175,0.63
snacks,Tesco Rfa Rich Plain Chocolate 200G,2245,0.63
snacks,Tesco Rfa White Chocolate Bar 200G,2325,0.63
snacks,Tesco Rfa Whole Nut Milk Chocolate 200G,2475,0.63
snacks,Tesco Rfa Wholenut Plain Chocolate 200G,2490,0.63
snacks,Toblerone 100G,2200,1.2
snacks,Toblerone Dark 100Gm,2100,1.13
snacks,Toblerone Fruit And Nut 100G,2085,0.99
snacks,Ausome Super Mario 3-D Jellies 135G,1445,0.76
snacks,Barratt Liquorice Catherine Wheels,,0.72
snacks,Barratt Sherbert Fountain 25G,375,1.28
snacks,Barratts Jumbo Soft Nougat 113G,,0.43
snacks,Kelloggs Strawberry Winders 17G,1642,1.89
snacks,Kinder Mini Treats 16 Pack 200G,,0.85
snacks,Milkyway Single 21.7G Price Marked (C),,0.92
snacks,Tesco Fizzy Mix 475G,1434,0.43
snacks,Tesco Gummy Mix Drum 475G,1449,0.42
snacks,Bassetts Fundays Mint Creams 200G,,0.74
snacks,Tesco Butter Mintoes 250G,1775,0.3
snacks,Tesco Mint Assortment 250G,1700,0.27
snacks,Tesco Value Clear Mints 200G,1625,0.26
snacks,Tesco Value Mint Imperials 175G,1690,0.25
snacks,Mentos Fruit Burst Gum Pocket Bottle 30G,705,3.37
snacks,Tesco Peppermint Gum 3 Pack 42G,,1.7
snacks,Tesco Spearmint Gum 3 Pack 42G,780,1.7
snacks,Wrigley Airwaves Blackmint 5Pack,640,2.48
snacks,Wrigley Extra Cool Breeze Bottle 60Pce,,2.86
snacks,Trebor Extra Strong Peppermint Gum 14.5G,,2.42
snacks,Trebor Extra Strong Spearmint Gum 14.5G,,2.28
snacks,Wrigleys Extra Chewy Mints 38G,,1.58
snacks,Mike And Ike Tropical Typhoon 180G,1523,0.71
snacks,Natural Confectionery Co Jelly Snakes 200G,,0.5
snacks,Natural Confectionery Co Jelly Squirms 180G,,0.82
snacks,Natural Confectionery Co Wild Things 180G,,0.82
snacks,Starburst Fruity Chews 192G Bag,,0.4
snacks,Tesco American Hard Gums 250G,1360,0.3
snacks,Tesco Build A Burger 80G,1440,0.5
snacks,Tesco Dolly Mixtures 100G,1655,0.4
snacks,Tesco Fizzy Cola Bottles 100G,1380,0.4
snacks,Tesco Fizzy Cola Lances 75G,1525,0.53
snacks,Tesco Fizzy Mix 100G Pe,1410,0.4
snacks,Tesco Fizzy Multicolour Sweet Belt 75G,1540,0.53
snacks,Tesco Flying Saucers 20G,1550,2
snacks,Tesco Fruit Jellies 250G,1455,0.3
snacks,Tesco Fruit Pastilles 250G,1395,0.29
snacks,Tesco Gummy Bears 85G,1455,0.47
snacks,Tesco Gummy Mix 100G,1400,0.4
snacks,Tesco Jelly Babies 250G,1415,0.27
snacks,Tesco Jelly Beans 250G,1535,0.33
snacks,Tesco Little Miss Chatterbox And Friends 150G,1425,0.83
snacks,Tesco Little Miss Sunshine Gummies 170G,1445,0.74
snacks,Tesco Marshmallows 50G,1440,0.8
snacks,Tesco Milk Chocolate Buttons 70G,2130,0.57
snacks,Tesco Mini Jelly Beans 100G,1550,0.4
snacks,Tesco Mixed Lollipops 200G,1685,0.5
snacks,Tesco Monkeys And Bananas 85G,1525,0.47
snacks,Tesco Mr Bump Soft Gummy Sweets 75G,1465,0.53
snacks,Tesco Mr Happy Soft Gummies 170G,1405,0.74
snacks,Tesco Mr Small And Little Miss Tiny Gummy Sweets 75G,1440,0.53
snacks,Tesco Mr Tickle Soft Gummies 150G,1410,0.83
snacks,Tesco Sparkling Fruit Drops 250G,1640,0.3
snacks,Tesco Strawberry Flavour Lances 75G Pe,1525,0.53
snacks,Tesco Strawberry Laces 75G,1525,0.53
snacks,Tesco Strawberry Pencils 75G,1615,0.53
snacks,Tesco Teeth And Lips 100G,1420,0.4
snacks,Tesco Value Fruity Flavour Jelly Mix 500G,1435,0.35
snacks,Tesco Value Midget Gems 200G,1515,0.18
snacks,Tesco White Chocolate Buttons 70G,2285,0.57
snacks,Tesco White Snowies 70G,2065,0.57
snacks,Tesco Wine Gums 250G,1255,0.29
snacks,Tesco Wine Gums 450G,1444,0.21
snacks,Rowntrees Fruit Pastilles Single,1487,0.97
snacks,Skittles Crazy Sours 55G,,0.82
snacks,Barratt Shrimps And Bananas 250G,1600,0.4
snacks,Bassetts Liquorice Allsorts 215G,,0.47
snacks,Henry Goode's Soft Eating Liquorice 300G,1500,0.61
snacks,Tesco Coconut Mushrooms 150G,1735,0.5
snacks,Tesco Cola Cubes 200G,1645,0.38
snacks,Tesco Dairy Toffee 227G,1930,0.33
snacks,Tesco Dark Chocolate Covered Pepper- Mint Cremes 170G,1725,0.5
snacks,Tesco Liquorice Allsorts 250G,1520,0.27
snacks,Tesco Liquorice Twists 250G,1395,0.3
snacks,Tesco Marshmallows 200G,1420,0.38
snacks,Tesco Milk Chocolate Covered Soft Caramels 150G,1950,0.83
snacks,Tesco Milk Chocolate Eclairs 227G,2000,0.33
snacks,Tesco Pear Drops 200G,1670,0.38
snacks,Tesco Rhubarb And Custard Sweets 200G,1651,0.38
snacks,Tesco Sweet Shop Chocolate Limes 200G,1725,0.38
snacks,Tesco Sweet Shop Strawberry Bon Bons 227G,1920,0.33
snacks,Tesco Value Fun Fruits 200G,1620,0.16
snacks,Tesco Value Milk Chocolate Eclairs 200G,1925,0.18
snacks,Tesco Value Toffee 200G,1925,0.15
snacks,Tesco Vanilla Fudge 250G,1870,0.5
snacks,Thorntons Soft Caramels 138G,,1.13
snacks,Thorntons Toffi-Chocs Bag 165G,,0.94
snacks,Thorntons Twistwrap Toffees 180G,,0.86
snacks,Werthers Original 135G,1790,0.85
snacks,Werthers Original Sugar Free Butter Candy 80G,1201,1.43
snacks,Tesco Easter Micro Sugar Coat Chocolate Eggs 150G,2035,0.33
snacks,Tesco Easter Milk Chocolate Chicks 85G,2230,0.59
snacks,Doritos Barbeque Rib 250G,2100,0.79
snacks,Doritos Chlli Heatwave 250G,2090,0.79
snacks,Doritos Cool Original 175G,2115,0.57
snacks,Doritos Cool Original 250G,2115,0.79
snacks,Doritos Hint Of Lime 250G,2120,0.79
snacks,Doritos Lightly Salted 250G,2081,0.79
snacks,Doritos Tangy Cheese 250G,2115,0.79
snacks,Tesco Cool Tortilla Chips 200G,1974,0.45
snacks,Tesco Cool Tortilla Chips 400G,1985,0.37
snacks,Tesco Lightly Salted Tortilla Chips 200G,2030,0.45
snacks,Tesco Nacho Cheese Tortilla Chips 200G,2005,0.45
snacks,Tesco Value Tortilla Chips 100G,2010,0.25
icecream,Almondy Daim 400G,1804,0.75
icecream,Almondy Toblerone 400G,1850,0.5
icecream,Tesco Banoffee Cheesecake 600G,1220,0.33
icecream,Tesco Blackcurrant Swirl Cheesecake 470G,1390,0.27
icecream,Tesco Chocolate And Vanilla Cheesecake 450G,1515,0.44
icecream,Tesco Lemon Swirl Cheesecake 450G,1340,0.28
icecream,Tesco Light Choices Mandarin Cheesecake 500G,880,0.25
icecream,Tesco Light Choices Strawberry Cheesecake 500G,830,0.25
icecream,Tesco New York Cheesecake 450G,1475,0.44
icecream,Tesco Rocky Road Cheesecake 450G,1315,0.44
icecream,Tesco Strawberry Swirl Cheesecake 490G,1430,0.26
icecream,Tesco Toffee Swirl Cheesecake 450G,1345,0.28
icecream,Jennie's Chocolate Cream Bar 400G,1355,0.34
icecream,Jennie's Raspberry Cream Bar 400G,1015,0.34
icecream,Tesco Banoffee Pie 500G,1100,0.4
icecream,Tesco Black Forest Gateau 1Kg,880,0.3
icecream,Tesco Black Forest Gateau 600G,968,0.33
icecream,Tesco Chocolate Fudge Cake 450G,1580,0.44
icecream,Tesco Chocolate Orange Fudge Cake 450G,1550,0.44
icecream,Tesco Double Chocolate Gateau 350G,1095,0.36
icecream,Tesco Double Chocolate Gateau 600G,1050,0.33
icecream,Tesco Profiterole Gateau 800G,1215,0.5
icecream,Tesco Profiteroles 235G,1385,0.43
icecream,Tesco Rocky Road Dessert 550G,1085,0.55
icecream,Tesco Strawberry Gateau 375G,805,0.33
icecream,Tesco Tiramisu Dessert 550G,815,0.55
icecream,Tesco Value 6 Vanilla Slices 240G,1470,0.42
icecream,Tesco Finest Banoffee Tart 522G,1390,0.58
icecream,Tesco Finest Belgian Chocolate Cheesecake 510G,1580,0.59
icecream,Tesco Finest Belgian Chocolate Tart 378G,2100,0.79
icecream,Tesco Finest Lemon Roulade 420G,1525,0.95
icecream,Tesco Finest Raspberry And Strawberry Torte 500G,900,0.6
icecream,Tesco Finest Sicilian Lemon Cheesecake 539G,1340,0.56
icecream,Tesco Finest Sticky Toffee Pudding 430G,1515,0.81
icecream,Tesco Finest Tarte Aux Framboises 470G,1020,0.75
icecream,Tesco Finest Toffee And Pecan Roulade 420G,1695,0.95
icecream,Tesco Raspberry Pavlova 320G,1175,0.63
icecream,Tesco Toffee Pavlova 294G,1505,0.68
icecream,Jennie's Apple And Custard Strudel 600G,1110,0.17
icecream,Tesco 2 Chocolate Sponge Puddings 260G,1230,0.39
icecream,Tesco 2 Sticky Toffee Sponge Puddings 260G,1425,0.35
icecream,Tesco 2 Syrup Sponge Puddings 260G,1210,0.39
icecream,Tesco Apple And Blackberry Pie 700G,1270,0.26
icecream,Tesco Apple Strudel 600G,1020,0.17
icecream,Tesco Bramley Apple Pie 700G,1400,0.26
icecream,Tesco Lemon Meringue Pie 475G,1200,0.42
icecream,Tesco Light Choices 2 Chocolate Sponge Puddings 186G,925,0.54
icecream,Tesco Light Choices 2 Syrup Sponge Puddings 152G,1080,0.66
icecream,Tesco Melt In The Middle Brownie Pudding 360G,1450,0.5
icecream,Tesco Rhubarb Crumble 500G,865,0.25
icecream,Tesco Value Apple Pie 400G,1120,0.23
icecream,Tesco Woodland Fruit Strudel 600G,1045,0.22
icecream,Tesco Light Choices 2 Lemon Meringue Desserts 180G,655,0.56
icecream,Tesco Light Choices 2 Profiterole Desserts 170G,640,0.59
icecream,Tesco Light Choices 2 Tiramisu Desserts 180G,740,0.56
desserts,Lyles Black Treacle 454G,,0.12
desserts,Lyles Golden Syrup 454G,,0.22
desserts,Lyles Golden Syrup 907G,,0.15
desserts,Lyles Squeezy Butterscotch Syrup 325G,1297.8,0.39
desserts,Lyles Squeezy Chocolate Syrup 325G,1318.8,0.39
desserts,Lyles Squeezy Golden Syrup Syrup 325G,1348.2,0.39
desserts,Lyles Squeezy Mint Chocolate Syrup 325G,1339.8,0.39
desserts,Lyles Squeezy Strawberry Syrup 325G,1331.4,0.39
desserts,Tesco Chocolate Sauce 320G,1360,0.4
desserts,Tesco Finest Chocolate Sauce 300G,1545,0.53
desserts,Tesco Finest Maple Syrup No 1 Light 330G,1075,1.67
desserts,Tesco Finest Raspberry Sauce 300G,855,0.55
desserts,Tesco Finest Toffee Dessert Sauce 300G,1490,0.52
desserts,Tesco Maple Syrup No 1 Medium275g,1075,1.61
desserts,Tesco Strawberry Dessert Sauce 300G,865,0.43
desserts,Tesco Toffee Dessert Sauce 320G,1490,0.4
desserts,Tesco Value Golden Syrup 680G,1400,0.11
desserts,Tesco 16 Mini Strawberry Meringues 86.4G,1622,1.72
desserts,Tesco 16 Plain Mini Meringues 78.4G,1639,1.89
desserts,Tesco Finest Creme Patissiere 300G,920,0.44
desserts,Tesco Mini Sponge Flans 125G,1625,0.77
desserts,Tesco Sponge Fingers 200G,1695,0.34
desserts,Green And Black Organic Cooking Chocolate 150G,2348,1.46
desserts,Menier Chocolat Patissier 100G,2319,0.99
desserts,Menier Milk Chocolate Patissier 100G,2220,1
desserts,Menier White Chocolate Patissier 100G,2316,1
desserts,Silver Spoon Cakecraft Dark Chocolate Chip 100G,2132,0.72
desserts,Silver Spoon Cakecraft Milk Chocolate Chip 100G,2211,0.72
desserts,Silver Spoon Cakecraft White Chocolate Chip 100G,2248,0.72
desserts,Silver Spoon Dark Chocolate Flavour Cake Covering 300G,2232,0.29
desserts,Silver Spoon Milk Chocolate Flavour Cake Covering 300G,2277,0.29
desserts,Silver Spoon White Chocolate Flavour Cake Covering 300G,2362,0.29
desserts,Tesco Luxury/ Britannia Milk Chocolate 150G,2330,0.56
desserts,Tesco Luxury/ Britannia Plain Chocolate 150G,2105,0.55
desserts,Tesco Luxury/ Britannia White Chocolate 150G,2350,0.55
desserts,Tesco Value/ Britannia Plain Chocolate 100G,2090,0.49
desserts,Greens Original Cheesecake Mix 259G,1341,0.25
desserts,Tesco Dumpling Mix 137G,1160,0.4
desserts,Seeds Of Change Organic Korma Sauce 350G,686,0.6
desserts,Seeds Of Change Organic Tikka Masala Sauce 350G,477,0.6
desserts,Crazy Jack Organic Dessicated Coconut 200G,2625,1
desserts,Tesco Cashew Nuts 200G,2479,0.76
desserts,Tesco Whole Almonds 200G,2610,1.06
desserts,Tesco Whole Hazelnuts 200G,2730,1
desserts,Whitworths Desiccated Coconut 150G,2498,1.06
desserts,Whitworths Extra Juicy Sultanas 350G,1200,0.51
desserts,Hartley Apple And Blackberry Fruit Filling 395G,366,0.23
desserts,Hartley Apple Fruit Filling 395G,363,0.23
desserts,Hartley Black Cherry Fruit Filling 410G,422,0.27
desserts,Crazy Jack Organic Blueberries 100G,1484,3.99
desserts,Crazy Jack Organic Cranberries 100G,,2.59
desserts,Frootz Orange Buttons 18G,1540,2.39
desserts,Frootz Raspberry Buttons 18G,1540,2.39
desserts,Frootz Strawberry Buttons 18G,1540,2.39
desserts,Ocean Spray Dried Craisins Cranberry 170G,1356,1.06
desserts,T.Yoghurt Coated Blackcurrant Fruit Bites 25G,1935,1.4
desserts,Tesco Strawberry Fruit Bites 20G,1615,1.7
desserts,Tesco Value Prunes 250G,635,0.48
desserts,Tesco Yoghurt Coated Strawberry Fruit Bites 25G,2035,1.4
desserts,Whitworths Apricots 35G,885,1.12
desserts,Whitworths Dates 35G,1428,1.12
desserts,Whitworths Fruit Mix 35G,1370,1.12
desserts,Whitworths Juicy Large Apricots 250G,701,0.76
desserts,Whitworths Juicy Large Prunes 250G,660,0.7
desserts,Whitworths Juicy Raisins 35G,1225,1.12
desserts,Whitworths Pineapple 35G,1485,1.12
desserts,Whitworths Prunes 35G,725,1.12
desserts,Whitworths Soft Dates 250G,1375,0.42
desserts,Amisa Organic Spelt Melba Toast 200G,1668,1
desserts,Biona Organic Amaranth/Quinoa Rye Bread 500G,746,0.27
desserts,Biona Organic Golden Linseed Bread 500G,825,0.27
desserts,Community Foods Soya Flour 500G,,0.26
desserts,Muchy Seeds Wholefoods Omega Sprinkle 125G,2544,1.88
desserts,Munchy Seeds Wholefoods Chilli Mix 125G,2511,1.88
desserts,Tesco Wholefood Chewy Banana 300G,1235,1
desserts,Tesco Wholefood Cranberries 300G,1380,1.25
desserts,Tesco Wholefood Cranberry And Macadamia Mix 300G,2080,1.33
desserts,Tesco Wholefood Dried Apple Slices 250G,1125,0.64
desserts,Tesco Wholefood Fruit And Nut Mix Cranberry 300G,1680,1.1
desserts,Tesco Wholefood Fruit And Nut Sprinkle300g,1590,0.66
desserts,Tesco Wholefood Hazelnuts 300G,2720,1.13
desserts,Tesco Wholefood Luxury Fruit And Nut Mix 300G,1905,1.17
desserts,Tesco Wholefood Millet 500G,1580,0.2
desserts,Tesco Wholefood Natural Apricots 500G,835,1
desserts,Tesco Wholefood Pistachio Nuts In Shell 300G,2440,0.99
desserts,Tesco Wholefood Raisin And Sultana Mix 500G,1330,0.6
desserts,Tesco Wholefood Raisin Sultana And Berry Mix 300G,1360,0.73
desserts,Tesco Wholefood Ready To Eat Dried Apricots 1Kg,715,0.5
desserts,Tesco Wholefood Sesame Seeds 300G,2575,0.6
desserts,Urban Fresh Dried Mango Slices 100G,,1.97
desserts,Urban Fresh Dried Strawberries 90G,,2.19
desserts,Whitworths Fruit And Nut Seed Mix 300G,1967,0.91
desserts,Whitworths Seaweed Peanuts 200G,2102,0.85
desserts,Whitworths Wholefood Banana Chips 500G,2137,0.49
desserts,Opies Chinese Stem Ginger 350G,1110,0.53
desserts,Tesco French Glace Cherries 100G,1300,0.8
desserts,Tesco Glace Cherries Natural Coloured 200G,1380,0.5
desserts,Tesco Italian Mixed Peel 200G,1310,0.29
desserts,Whitworths French Glace Cherries 200G,1378,1
desserts,Duerr's Ginger Preserve 454G,1124,0.28
desserts,Duerrs Apricot Preserve 340G,1061,0.35
desserts,Duerrs Blackcurrant Preserve 340G,1061,0.35
desserts,Duerrs Raspberry Preserve 340G,1061,0.35
desserts,Duerrs Raspberry Seedless Preserve 340G,1061,0.35
desserts,Duerrs Strawberry Preserve 340G,1061,0.35
desserts,Hartleys Best Apricot Jam 340G,1037,0.4
desserts,Hartleys Best Black Cherry Jam 340G,1037,0.4
desserts,Hartleys Best Blackcurrant Jam 340G,1037,0.4
desserts,Hartleys Best Pineapple Jam 340G,1039,0.44
desserts,Hartleys Best Raspberry Jam 340G,1039,0.4
desserts,Hartleys Best Raspberry Jam Seedless 340G,1039,0.4
desserts,Hartleys Family Strawberry Jam 454G,1088,0.33
desserts,Oaklane Strawberry Conserve 454G,1095,0.2
desserts,Saint Dalfour Black Cherry 284G,,0.59
desserts,Saint Dalfour Blackcurrant Fruit Spread 284G,,0.58
desserts,Saint Dalfour Raspberry Fruit Spread 284G,,0.58
desserts,Saint Dalfour Strawberry Fruit Spread 284G,,0.58
desserts,Saint Dalfour Thick Apricot Fruit Spread 284G,,0.59
desserts,Saint Dalfour Thick Cut Orange Spread 284G,,0.59
desserts,Streamline Reduced Sugar Apricot Jam 400G,730,0.42
desserts,Streamline Reduced Sugar Black Cherry Jam 454G,752,0.37
desserts,Streamline Reduced Sugar Blackcurrant Jam 454G,768,0.37
desserts,Streamline Reduced Sugar Raspberry Seedless Jam 454G,768,0.37
desserts,Streamline Reduced Sugar Strawberry Jam 454G,784,0.37
desserts,Tesco Apricot Jam 454G,1090,0.19
desserts,Tesco Blackcurrant Jam 454G,910,0.19
desserts,Tesco Bramble Jelly 454G,1135,0.19
desserts,Tesco Damson Jam 454G,1075,0.22
desserts,Tesco Finest Apricot Conserve 340G,1040,0.42
desserts,Tesco Finest Ginger Preserve 340G,1110,0.38
desserts,Tesco Finest Raspberry Conserve 340G,1050,0.42
desserts,Tesco Finest Scandinavian Blackcurrant 340G,1040,0.42
desserts,Tesco Finest Strawberry Conserve 340G,1070,0.42
desserts,Tesco Finest* Greengage Conserve 340G,1060,0.42
desserts,Tesco Reduced Sugar Apricot Jam 340G,735,0.33
desserts,Tesco Reduced Sugar Strawberry Jam 340G,740,0.33
desserts,Tesco Seedless Raspberry Jam 454G,1075,0.19
desserts,Tesco Strawberry Jam 454G,1100,0.19
desserts,Tesco Value Strawberry Jam 454G,1050,0.08
desserts,Tiptree Raspberry Seedless Conserve 340G,1139,0.59
desserts,Weight Watchers Reduced Sugar Apricot Jam 250G,691,0.64
desserts,Weight Watchers Reduced Sugar Blackcurrant Jam 250G,688,0.64
desserts,Weight Watchers Reduced Sugar Raspberry Jam 250G,695,0.64
desserts,Weight Watchers Reduced Sugar Strawberry Jam 250G,700,0.64
desserts,Wilkin And Sons Blackcurrant Conserve 340G,1139,0.59
desserts,Wilkin And Sons Strawberry Conserve 340G,1139,0.59
desserts,Wilkins Black Cherry Conserve 340G,1139,0.59
desserts,Wilkins Tiny Tip Raspberry Conserve 340G,1139,0.59
desserts,Duerrs Fine Cut Grapefruit Marmalade 454G,1108,0.26
desserts,Duerrs Fine Cut Manchester Marmalade 454G,1059,0.26
desserts,Duerrs Fine Cut Seville Orange Marmalade 454G,1108,0.26
desserts,Duerrs Thick Cut Seville Orange Marmalade 454G,1108,0.26
desserts,Frank Cooper Oxford Orange Marmalade And Ginger 454G,1158,0.36
desserts,Frank Coopers Fine Cut Oxford Marmalade 454G,1147,0.36
desserts,Frank Coopers Vintage Oxford Marmalade 454G,1147,0.36
desserts,Hartleys Breakfast Marmalade 454G,1088,0.3
desserts,Hartleys Old English Marmalade 454G,1095,0.22
desserts,Mackays Natural Fruit Seville Orange Marmalade 340G,1085,0.35
desserts,Mackays The Dundee Orange Marmalade 340G,1085,0.35
desserts,Mackays Three Fruit Marmalade 340G,1079,0.35
desserts,Mermelada De Sevilla Fine Cut 454G,1165,0.37
desserts,Oaklane Fine Cut Lemon And Lime Marmalade 454G,1145,0.13
desserts,Oaklane Thick Cut Marmalade 454G,1145,0.12
desserts,Robertsons Golden Marmalade Shreddless 227G,1066,0.4
desserts,Robertsons Golden Shred Marmalade 227G,1071,0.36
desserts,Robertsons Golden Shred Marmalade 454G,1071,0.26
desserts,Robertsons Golden Shredless Marmalade 454G,1071,0.26
desserts,Robertsons Silver Shred Marmalade 454G,1071,0.26
desserts,Roses Lemon And Lime Marmalade 454G,,0.22
desserts,Roses Lime Marmalade 454G,,0.22
desserts,Roses Orange Fine Cut Marmalade 454G,,0.33
desserts,Streamline Reduced Sugar Thick Cut Orange Marmalde 454G,750,0.37
desserts,Streamline Reduced Sugar Thin Cut Orange Marmalade 400G,745,0.42
desserts,Tesco Fine Cut Orange Marmalade 454G,1100,0.13
desserts,Tesco Finest Bitter Orange Marmalade 340G,1090,0.38
desserts,Tesco Finest Fresh Fruit Dark Orange Marmalade 340G,1090,0.38
desserts,Tesco Finest Three Fruit Marmalade 340G,1110,0.38
desserts,Tesco Shredless Lemon Marmalade 454G,1165,0.17
desserts,Tesco Shredless Orange Marmalade 454G,1170,0.13
desserts,Tesco Thick Cut Orange Marmalade 454G,1095,0.13
desserts,Tesco Value Orange Marmalade 454G,1080,0.06
desserts,Weight Watchers Reduced Sugar Orange Marmalade 250G,717,0.64
desserts,Wilkin And Sons Double One Fine Cut Marmalade 454G,1139,0.42
desserts,Wilkin And Sons Old Times Orange Marmalade 454G,1139,0.42
desserts,Oaklane Squeezy Clear Honey 340G,1390,0.48
desserts,Rowse Manuka Active 10+ Honey 340G,1362,2.94
desserts,Rowse Manuka Active 15+ Honey 340G,1362,3.38
desserts,Rowse Manuka Active Honey +5 340G,1362,2.21
desserts,Rowse Supahoney Original 250G,1440,1.6
desserts,Tesco Finest New Zealand Clover Honey 340G,1445,1.03
desserts,Tesco Organic Pure Set Honey 340G,1390,0.75
desserts,Tesco Organic Squeezy Clear Honey 340G,1390,0.75
desserts,Tesco Pure Clear Honey 454G,1390,0.37
desserts,Tesco Pure Set Honey 454G,1390,0.37
desserts,Tesco Squeezy Clear Honey 454G,1390,0.55
desserts,Tesco Value Clear Honey 340G,1390,0.29
desserts,Tiptree English Honey 340G,1229,1.46
desserts,Tiptree Manuka Manuka Honey 10+ 340G,1229,3.23
desserts,Tiptree Spanish Citrus Blossom Honey 340G,1229,1.17
desserts,Wilkin And Sons Acacia Honey 340G,1229,1.17
desserts,Meridian Almond Butter 170G,,1.41
desserts,Meridian Cashew Butter 170G,,1.41
desserts,Skippy Crunchy Peanut Butter 340G,2624,0.59
desserts,Skippy Smooth Peanut Butter 340G,2610,0.59
desserts,Sunpat Peanut Butter Crunchy 227G,2551,0.78
desserts,Sunpat Peanut Butter Smooth 227G,2546,0.78
desserts,Tesco 25% Less Fat Peanut Butter 340G,2290,0.29
desserts,Tesco Value Crunchy Peanut Butter 340G,2510,0.2
desserts,Tesco Wholenut Peanut Butter 340G,2575,0.29
desserts,Whole Earth No Added Sugar Crunchy Peanut Butter 454G,2645,0.57
desserts,Whole Earth Organic Crunchy Peanut Butter340g,2452,0.64
desserts,Whole Earth Organic Smooth Peanut Butter340g,2466,0.64
desserts,Whole Earth Smooth Peanut Butter 454G,2466,0.57
desserts,Cadburys Smooth Chocolate Spread 400G,,0.45
desserts,Hartleys Lemon Curd 340G,1235,0.23
desserts,Princes Beef And Pickle Filler 75G,757,1.47
desserts,Princes Beef Paste 75G,734,0.88
desserts,Princes Chicken And Ham Paste 75G,701,0.88
desserts,Princes Chicken And Herb Sandwich Filler 75G,539,1.47
desserts,Princes Chicken And Stuffing Paste 75G,823,0.88
desserts,Princes Corned Beef And Onion Paste 75G,784,0.88
desserts,Princes Salmon Paste 75G,764,0.88
desserts,Princes Salmon Sandwich Filler 75G,919,1.47
desserts,Princes Sardine And Tomato Filler 75G,651,1.47
desserts,Princes Sardine And Tomato Paste 75G,680,0.88
desserts,Shippams Gourmet Chicken And Stliton 75G,824,1.47
desserts,Shippams Gourmet Coronation Chicken 75G,634,1.47
desserts,Shippams Gourmet Smoked Salmon And Cream Cheese 75G,812,1.47
desserts,Shippams Gourmet Tuna Lemon And Black Pepper 75G,504,1.47
desserts,Shippams Salmon Spread 75G,808,0.99
desserts,Tesco Chicken And Ham Paste 75G,875,0.57
desserts,Tesco Chicken Paste 75G,830,0.57
desserts,Tesco Chocolate Spread 400G,2400,0.32
desserts,Tesco Crab Paste 75G,575,0.57
desserts,Tesco Ham And Beef Paste 75G,1000,0.57
desserts,Tesco Lemon Curd 411G,1235,0.13
desserts,Tesco Salmon And Shrimp Paste 75G,750,0.57
desserts,Tesco Sardine And Tomato Paste 75G,610,0.57
desserts,Tesco Standard Duo Chocolate Spread 750G,2365,0.24
desserts,Tesco Tuna/Mayonnaise Paste 75G,875,0.57
desserts,Tesco Value Chicken Paste 75G,900,0.43
desserts,Tesco Value Chocolate & Hazelnut Spread 600G,2410,0.14
desserts,Tesco Value Chocolate Spread 600G,2325,0.14
desserts,Tesco Value Ham And Beef Paste 75G,1105,0.43
desserts,Tesco Value Lemon Curd 411G,1475,0.05
desserts,Tesco Value Salmon Paste 75G,720,0.43
desserts,Tesco Yeast Extract 240G,985,0.79
desserts,Wilkin And Sons Lemon Curd 312G,1401,0.7
desserts,Hartleys Frujies Mandarins In Orange Jelly 125G,253,0.32
desserts,Hartleys Frujies Peach In Strawberry Jelly 125G,236,0.32
desserts,Askeys Caramel Crackin Dessert Sauce 225G,2584,0.56
desserts,Askeys Treat Dessert Sauce Limited Edition 325G,1292,0.34
desserts,Silverspoon Treat Raspberry Sauce 325G,1360,0.34
desserts,Tesco Chocolate Sponge Pudding 300G,1165,0.31
desserts,Tesco Instant Custard Mix 76G,1750,0.33
desserts,Tesco Light Choices Ready To Serve Custard 425G Carton,378,0.09
desserts,Tesco Low Fat Ready To Serve Custard 1Kg,373,0.1
desserts,Tesco Ready To Serve Custard 425G,385,0.1
desserts,Tesco Ready To Serve Custard 425G Carton,435,0.09
desserts,Tesco Sticky Toffee Sponge Pudding 300G,1330,0.25
desserts,Tesco Value Instant Custard Powder 70G,280,0.09
desserts,Tesco Value Ready To Serve Custard 396G,310,0.06
desserts,Ambrosia Custard And Rhubarb Crumble 125G,615,0.42
desserts,Ambrosia Devon Custard And Apple Crumble 125G,630,0.43
desserts,Ambrosia Devon Custard And Peach Crumble 125G,623,0.42
desserts,Ambrosia Raspberry Jelly And Custard 150G,364,0.35
desserts,Ambrosia Strawberry Jelly And Custard 150G,364,0.36
desserts,Dole Fruit Bowl Mandarins In Juice 4X113g,276,0.49
desserts,Dole Fruit Bowl Pineapple In Juice 4X113g,230,0.49
desserts,Dole Fruit Gel Bowls Mandarins In Orange 4X123g,331,0.45
desserts,Dole Peaches In Strawberry Jelly 4X123g,326,0.45
desserts,Dole Pineapple In Pineapple Jelly 123G,,0.37
desserts,Hartley Ready To Eat Longsleeve Raspberry Jelly 115G,34,0.38
desserts,Hartley's Ready To Eat Reduced Sugar Jelly C/Berry&Rasp175g,20,0.33
desserts,Hartleys Longsleeve Ready To Eat Jelly Strawberry 115G,15,0.35
desserts,Hartleys Ready To Eat Jelly Blackcurrant 125G,340,0.32
desserts,Hartleys Ready To Eat Jelly Orange 125G,340,0.32
desserts,Hartleys Ready To Eat Jelly Raspberry 125G,340,0.32
desserts,Hartleys Ready To Eat Jelly Strawberry 125G,340,0.32
desserts,Natures Finest Mandarin And Pine- Apple Juice 220G,211,0.4
desserts,Oak Lane Mango Jelly And Peach Pieces 4X130g,310,0.21
desserts,Oak Lane Pineapple Jelly And Pineapple Pieces 4X130g,230,0.21
desserts,Oak Lane Strawberry Jelly Peaches 4X130g,205,0.19
desserts,Rwntree/Hartleys Longsleeve Ready To Eat Jelly Orange 115G,14,0.35
desserts,Tesco Apple And Banana Fruit Slurpers 4X90g,315,0.44
desserts,Tesco Apple And Blackcurrant Slurpers 4 X 90G,225,0.44
desserts,Tesco Apple And Strawberry Fruit Slurpers 4X90g,315,0.44
desserts,Tesco Apple Fruit Slurpers 4X90g,315,0.44
desserts,Tesco Blackcurrant Jelly 120G,280,0.3
desserts,Tesco Breakfast Prunes In Juice 4 X 120G,355,0.79
desserts,Tesco Fruit Pot Peach And Pear In Juice 120G,230,0.53
desserts,Tesco Fruit Pot Peach And Pineapple In Juice 120G,235,0.41
desserts,Tesco Grapefruit Segment Fruit Jce4x120g,134,0.79
desserts,Tesco Mandarin In Fruit Juice 120G,143,0.41
desserts,Tesco Mandarin Jelly With Manderine Segments 120G,315,0.38
desserts,Tesco Orange Jelly 120G,265,0.4
desserts,Tesco Pineapple Pieces In Fruit Juice 120G,280,0.41
desserts,Tesco Pineapple Pieces In P/Appl Jelly 120G,280,0.38
desserts,Tesco Ready To Eat Custard 4X150g,415,0.23
desserts,Tesco Ready To Eat Low Fat Custard 4X150g,375,0.23
desserts,Tesco Ready To Eat Low Fat Pot Custard 150G,375,0.23
desserts,Tesco Ready To Eat Pot Custard 150G,415,0.23
desserts,Tesco Strawberry Jelly 120G,265,0.3
desserts,Tesco Strawberry Jelly With Peach Pieces 120G,300,0.3
desserts,Tesco Value Ready To Eat Orange Jelly 120G,345,0.26
desserts,Greens Quick Jel Red 70G,516.6,0.77
cake,Tesco Top Iced Fruit Cake 454G,1445,0.43
cake,T Rocky Road Chocolate Clusters 225G,1845,1.11
cake,Tesco Mini All Butter Flapjack Squares 295G,1855,1
cake,Tesco Mini Chocolate Roll Bites 290G,1825,1.02
cake,Tesco Mini Crispy Chocolate Clusters 175G,1980,1.69
fruit,Del Monte Naked Pineapple 600G,,0.42
fruit,Juicy Mango Chunks,247,0.67
fruit,Mouthwatering Melon 200G,116,0.52
fruit,T.Berry Medley 250G,195,0.8
fruit,T.Fruity Fingers,167,0.67
fruit,T.Melon And Grapes Duo 400G,140,0.5
fruit,T.Pomegranate Solo 100G,143,1.5
fruit,Tesco Apple And Grapes Snack Pack 80G,220,0.63
fruit,Tesco Fresh Classic Fruit Collection 300G,172,0.67
fruit,Tesco Fresh Watermelon 400G,137,0.5
fruit,Tesco Honeydew Half Each,126,0.2
fruit,Tesco Juicy Fruit Twist 350G,177,0.57
fruit,Tesco Juicy Fruity Twist 170G,177,0.74
fruit,Tesco Juicy Mango Snack Pack 100G,260,1
fruit,Tesco Melon And Grapes Duo Pack,140,0.69
fruit,Tesco Mouthwatering Melon 400G,113,0.5
fruit,Tesco Red Fruit Delight Fos Pack,215,0.69
fruit,Tesco Tutti Frutti Collection 200G,186,0.63
fruit,Tutti Frutti Collection 300G,183,0.67
fruit,Watermelon Fans 400G,140,0.5
dairy,Lurpak Sea Salt Butter 200G,3001,0.8
dairy,Kerrygold Honey Spread 250G,1915,0.72
dairy,Kerrygold Softer Butter 500G,2970,0.52
dairy,Lurpak Unsalted Lighter Spreadable 500G,2250,0.54
dairy,Tesco Butterpak Lighter 500G,2090,0.4
dairy,Tesco Organic Unsalted Butter 250G,3035,0.56
dairy,Lurpak Garlic Butter 125G,2860,0.91
dairy,Tesco Finest Jersey Butter 250G,3115,0.48
dairy,Clover Lighter 1 Kilograms,1874,0.3
dairy,Flora Proactiv Tub Buttery 500G,2230,0.76
dairy,Tesco Fresh Whipped Cream 200G,1495,0.5
dairy,Tesco Finest* Clotted Cream 227G,2445,0.77
dairy,Yeo Valley Organic Extra Thick Cream 225G,1210,0.39
dairy,Yeo Valley Organic Healthy 200G Creme Fraiche,691,0.31
dairy,Cadbury Flake Twinpot 90G,995,0.87
dairy,Cadbury Fudge Twinpot 90G,1015,0.87
dairy,Cadbury Limited Edition Twinpot 90G,1045,0.87
dairy,Cadbury Milk Buttons Twinpot 90G,1025,0.87
dairy,Cadbury Milk Chunks Twinpot 90G,1035,0.87
dairy,Cadbury Twinpot 90G,965,0.87
dairy,Danone Shape Delights Caramel 4X110g,419,0.36
dairy,Danone Shape Delights Chocolate 4X110g,418,0.36
dairy,Danone Shape Delights White Chocolate 4X110g,419,0.36
dairy,Tesco Finest* Millionaire Dessert 210G,1450,1.43
dairy,Tesco Finest* Pot Au Chocolate 2X100g,1745,1.5
dairy,Tesco Finest* Secret Berry Cheesecake 258G,1105,1.16
dairy,Delice Chocolate Dessert 6X100g,570,0.22
dairy,Delice Strawberry Dessert 6X100g,504,0.22
dairy,Tesco 2 Italian Lemoncello 2X90g,1070,0.72
dairy,Tesco Amaretto Biscotti Dessert 140G,1315,0.92
dairy,Tesco Cappuccino Desserts 2P 160G,1105,0.81
dairy,Tesco Caramel Panna Cotta 2X120g,970,0.54
dairy,Tesco Creme Brulee 2X100g,1325,0.98
dairy,Tesco Creme Caramel 4X100g,460,0.16
dairy,Tesco Finest Tiramisu 2X99g,1385,1.52
dairy,Tesco Italian Tiramisu 2X100g,1090,0.64
dairy,Tesco Profiteroles Dessert 2X80g,1160,0.81
dairy,Tesco Value Creme Caramel 4X100g,455,0.11
dairy,Cadbury Chocolate Mousse 4X55g,795,0.54
dairy,Cadbury Light Chocolate Mousse 4X55g,495,0.54
dairy,Light Choices Chocolate Mousse 6X62.5G,490,0.2
dairy,T Blueberry And Blackcurrant Jelly 175G,315,0.57
dairy,T Mandarin Jelly 4 X 140G,405,0.32
dairy,T Raspberry Jelly 4 X 140G,415,0.32
dairy,T Tropical Jelly 4 X 140G,390,0.32
dairy,Tesco 6 Pack Lemon Mousse 375G,765,0.2
dairy,Tesco Chocolate Mousse 6X62.5G,750,0.2
dairy,Tesco Finest Elderflower And R/Berryjelly140g,305,1.07
dairy,Tesco Finest Jelly Champagne And Strawberry 130G,179,1.15
dairy,Tesco Gooseberry Fool 114G,820,0.43
dairy,Tesco Lemon Fool 114G,780,0.43
dairy,Tesco Orange Juice Jelly 175G,320,0.57
dairy,Tesco Strawberry Fool 114G,670,0.43
dairy,Tesco Strawberry Mousse 6X62.5G,685,0.2
dairy,Tesco Toffee Mousse 6Pk 375G,690,0.23
dairy,Tesco Value Chocolate Mousse 4X62.5G,530,0.11
dairy,Muller Rice Apple 190G,456,0.32
dairy,Muller Rice Limited Edition Single Pot 190G,462,0.32
dairy,Muller Rice Original 190G,435,0.32
dairy,Muller Rice Raspberry 190G,449,0.32
dairy,Muller Rice Strawberry 190G,452,0.32
dairy,Muller Rice Vanilla Custard 190G,470,0.32
dairy,Tesco Apple Rice Twin Pot 190G,520,0.31
dairy,Tesco Golden Syrup Rice Twin Pot 190G,660,0.31
dairy,Tesco Strawberry Rice Twin Pot 190G,510,0.31
dairy,Cadbury Light Trifle 2 Pack,585,0.55
dairy,Cadbury Twinpack Trifle 2X90g,1065,0.55
dairy,Rachel's Organic Divine Rice 2X150g,544,0.43
dairy,Tesco 2 Finest Cassis Desserts 258G,915,1.16
dairy,Tesco 2 Finest Key Lime Pies 230G,1320,1.3
dairy,Tesco Banoffee Pot Dessert 140G,1240,0.71
dairy,Tesco Black Forest Trifles 3X150g,585,0.42
dairy,Tesco Carrot Cake Pot Dessert 140G,1220,0.71
dairy,Tesco Chocolate And Caramel Waffle Dessert 140G,1355,0.71
dairy,Tesco Cookies And Cream Pot Dessert 140G,1345,0.71
dairy,Tesco Finest Chocolate Brownie Sundae 215G,1240,0.93
dairy,Tesco Finest Sherry Trifle 180G,795,0.66
dairy,Tesco Finest Toffee Sundae 215G,1130,0.93
dairy,Tesco Fruit Cocktail Trifle 3X150g,535,0.37
dairy,Tesco Key Lime Pie Dessert 140G,1350,0.71
dairy,Tesco Lemon Cheesecake 3X100g,1265,0.47
dairy,Tesco Lemon Curd Cheesecake 140G,1415,0.71
dairy,Tesco Raspberry Ripple Sundae 125G,1155,0.8
dairy,Tesco Raspberry Trifle 3X150g,520,0.22
dairy,Tesco Rhubarb And Crumble Pot Dessert 140G,940,0.71
dairy,Tesco Strawberry Cheesecake 120G,1385,0.83
dairy,Tesco Strawberry Cheesecake 3X100g,1040,0.4
dairy,Tesco Swirly Chocolate Cheescake 120G,1455,0.83
dairy,Tesco Swirly Chocolate Sundae 136G,1045,0.74
dairy,Tesco Swirly Toffee Sundae 136G,1190,0.74
dairy,Tesco Value Strawberry Trifle 113G,640,0.29
dairy,Weight Watchers Chocolate Cheesecake 2X100g,766,1
dairy,Weight Watchers Raspberry Cheesecake 2X100g,899,1
dairy,Tesco Finest Belgian Chocolate Mousse 100G,1240,0.79
dairy,Tesco Finest Butterscotch Mousse 100G,1185,0.79
dairy,Tesco Finest Sicilian Lemon Mousse 100G,890,0.79
dairy,Tesco Finest Strawberry Mousse 100G,805,0.79
dairy,Yop Drinking Yogurt Raspberry 500G,326,0.2
dairy,Yop Drinking Yogurt Strawberry 500G,326,0.2
dairy,Yop Drinking Yogurt Vanilla 500G,331,0.2
dairy,Yop Limited Edition 500G,326,0.19
dairy,Cathedral City Extra Mature Cheddar 80G,1725,1.24
dairy,Cathedral City Lighter Cheddar 80G,1295,1.24
dairy,Cathedral City Vintage Cheddar 350G,1725,1.28
dairy,Cathedral City Vintage Cheddar 80G,1725,1.24
dairy,Davidstow Exmatr Cornish Crackler Cheddar 200G,1724,1.23
dairy,Davidstow Exmatr Cornish Crackler Cheddar 345G,1725,0.87
dairy,Davidstow Mature Cornish Classic Cheddar 200G,1725,1.18
dairy,Davidstow Mature Cornish Classic Cheddar 395G,1725,0.76
dairy,Pilgrims Choice Xtreme Cheddar 350G,1700,1.14
dairy,Tesco Taw Valley Extra Mature Cheddar White 400G,1620,0.89
dairy,Tesco Taw Valley Extra Mature Chedwhite 250G,1620,0.98
dairy,Tesco Taw Valley Mature Cheddar White 250G,1620,0.9
dairy,Tesco Taw Valley Mature Cheddar White 400G,1620,0.84
dairy,Tickler White Extra Mature Cheddar380g,1700,1.05
dairy,Applewood Sticks 100G,1702,1
dairy,Cheesestring Attack A Snack Chicken Wrap100g,975,1.33
dairy,T Extra Light Soft Cheese 250G,475,0.37
dairy,T Garlic And Herb Extra Light Soft Cheese 250G,480,0.37
dairy,T Onion And Chive Extra Light Soft Cheese 250G,460,0.37
dairy,Tesco Cottage Cheese Pineapple Passion Fruit 150G,405,0.53
dairy,Tesco Full Fat Soft Cheese 250G Tub,995,0.37
dairy,Tesco Light And Smooth Soft Cheese 250G Tub,675,0.37
dairy,Tesco Light Choice Low Fat Cottage Cheese Onion Chive 300G,300,0.35
dairy,Tesco Light Choices Low Fat Natural Cot Cheese 300G,300,0.25
dairy,Tesco Light Choices Red Pepper & Pesto Cottage Cheese 150G,305,0.53
dairy,Tesco Organic Soft Cheese 200G,820,0.46
dairy,Tesco Value Natural Cottage Cheese 300G,265,0.19
dairy,Tesco Value Soft Cheese 200G,1000,0.23
dairy,Cathedral City Grated Cheese 350G,1725,0.86
dairy,Dewlay Really Grate Mature Cheddar 200G,,0.75
dairy,Garstang Grated Light Cheese 200G,1270,0.9
dairy,Lake District Mature Grated Cheddar 350G,,1
dairy,Lancashire Chilli Toaster Cheese 180G,1545,0.94
dairy,Lancashire Toaster Cheese 180G,1545,0.94
dairy,Seriously Strong Spreadable Extra Mature250g,,0.8
dairy,Tesco British Mild Grated Cheddar 250G,1715,0.65
dairy,Tesco Extra Mature Grated 500G,1715,0.6
dairy,Boursin Minis 120G,,0.83
dairy,Gallbani Mozzarella Ball 125G,1026,1
dairy,Greco Saganaki Cheese 120G,1136,1.15
dairy,PrSident Rondel Garlic And Herb125g,1354,0.8
dairy,Tesco Finest Halloumi 225G,1375,1.24
dairy,Tesco Finest* Comte 200G,1720,1.5
dairy,Tesco Finest* Creamy Stilton Apricot And Orange 175G,1280,1.14
dairy,Tesco Grated Mozzarella And Cheddar 500G,1360,0.6
dairy,Castello Crack Black Pepper Halo 125G,,0.87
dairy,Davidstowcornish Classic Lighter Cheese 345G,1310,0.87
dairy,Butlers Creamy Lancashire Cheese 400G,1536,0.75
dairy,Butlers Crumbly Lancashire Cheese 400G,1536,0.75
dairy,Butlers Tasty Lancashire Cheese 400G,1536,0.75
dairy,Iom Creameries Extra Mature Cheddar 400G,,0.9
dairy,Iom Creameries Mature Cheddar 400G,,0.87
dairy,Iom Creameries Oak Smoked Mature Cheddar,,0.94
dairy,Tesco Double Gloucester Cheese 500G,,0.77
dairy,Muller Corner Chocolate Digestive 150G,625,0.41
dairy,Muller Corner Greek Style Yoghurt Honey 150G,524,0.41
dairy,Muller Corner Greek Style Yoghurt Rhubarb 150G,477,0.41
dairy,Muller Corner Greek Yogurt Black Cherry 150G,483,0.41
dairy,Muller Corner Greek Yogurt Honey Apricot 150G,471,0.41
dairy,Muller Corner Greek Yogurt Summerfruits 150G,465,0.41
dairy,Muller Crunch Corner Banana Chocolate Flakes 150G,602,0.41
dairy,Muller Crunch Corner Strawberry Shortcakes 150G,650,0.41
dairy,Muller Crunch Corner Toffee Hoops 150G,642,0.41
dairy,Muller Crunch Corner Vanilla Chocolate Balls 150G,629,0.41
dairy,Muller Fruit Corner Blackberry And Raspberry 175G,445,0.35
dairy,Muller Fruit Corner Blueberries 175G,440,0.35
dairy,Muller Fruit Corner Cherries 175G,445,0.35
dairy,Muller Fruit Corner Mango And Passionfruit 165G,451,0.37
dairy,Muller Fruit Corner Peach Apricot 175G,454,0.35
dairy,Muller Fruit Corner Strawberry 175G,474,0.35
dairy,Nestle Smarties Splitpot Vanilla Yogurts 4X120g,641,1.66
dairy,Yoo Fruity Thing Cherry / Peach And Apricot 6X175g,0,0.28
dairy,Yoo Fruity Thing Cherry Split Pot 175G,450,0.29
dairy,Yoo Fruity Thing Kiwi & Gooseberry Split Pot 175G,455,0.29
dairy,Yoo Fruity Thing Strawberry Split Pot 175G,450,0.29
dairy,Yoo Yummy Thing Chocolate Flakes & Chip Granola 6X150g,0,0.32
dairy,Yoo Yummy Thing Chocolate Raisins And Puffed Rice 6X150g,0,0.32
dairy,Yoo Yummy Thing Chocolate Raisins Split Pot 155G,665,0.32
dairy,Yoo Yummy Thing Puffed Rice Split Pot 150G,635,0.33
dairy,Danone Activia 0% Mandarin 4X125g,218,0.32
dairy,Danone Activia 0% Raspberry Yogurt 4X125g,199,0.32
dairy,Danone Activia Apple Yogurt 4X125g,396,0.32
dairy,Danone Activia Apricot Yogurt 4X125g,402,0.32
dairy,Danone Activia Cherry 0% Fat Yogurt 4X125g,243,0.32
dairy,Danone Activia Cherry 0% Yogurt 165G,252,0.39
dairy,Danone Activia Creamy Caramel Yogurt 4X125g,426,0.44
dairy,Danone Activia Creamy Cherry Yogurt 4X120g,1717.8,0.46
dairy,Danone Activia Creamy Lemon Yogurt 4X120g,419,0.46
dairy,Danone Activia Creamy Mango Yogurt 4X125g,412,0.44
dairy,Danone Activia Creamy Peach Yogurt 4X120g,414,0.46
dairy,Danone Activia Creamy Strawberry Yogurt 4X120g,410,0.46
dairy,Danone Activia Creamy Vanilla Yogurt 4X120g,409,0.46
dairy,Danone Activia Fig Yogurt 4X125g,415,0.32
dairy,Danone Activia Forest Fruits 0% Yogurt 4X125g,230,0.32
dairy,Danone Activia Intensely Creamy Raspberry 4*125G,409,0.44
dairy,Danone Activia Mango 0% Yogurt 165G,222,0.39
dairy,Danone Activia Mango Yogurt 4X125g,413,0.32
dairy,Danone Activia Peach 0% Yogurt 165G,255,0.39
dairy,Danone Activia Peach 0.1% Fat Yogurt 4X125g,255,0.32
dairy,Danone Activia Prune Yogurt 4X125g,381,0.32
dairy,Danone Activia Raspberry 0% Yogurt 165G,206,0.39
dairy,Danone Activia Raspberry Yogurt 4X125g,357,0.32
dairy,Danone Activia Rhubarb Yogurt 4X125g,400,0.32
dairy,Danone Activia Strawberry 0% Yogurt 165G,225,0.39
dairy,Danone Activia Strawberry Yogurt 4X125g,390,0.32
dairy,Danone Activia Vanilla 0% Yogurt 165G,226,0.39
dairy,Danone Activia Vanilla Fat Free Yogurt 4X125g,220,0.4
dairy,Yoo Tasty Thing Prune Layered 4X125g,355,0.28
dairy,Yoo Tasty Thing Strawberry & Raspberry No Bits 4X125g,0,0.28
dairy,Yoo Tasty Thing Strawberry And Cherry Yog4x125g,0,0.28
dairy,Yoo Tasty Thing Strawberry Layered 4X125g,385,0.28
dairy,Alpro Natural Yofu 500G,,0.28
dairy,Alpro Raspberry Vanilla Yofu 4X125g,,0.35
dairy,Alpro Strawberry And Fof Soya Yofu 4X125g,,0.35
dairy,Alpro Vanilla Yofu 500G,,0.28
dairy,Muller Light Banana And Custard Yogurt 190G,230,0.32
dairy,Muller Light Cherry Yogurt 190G,206,0.32
dairy,Muller Light Limited Edition Yogurt 175G,213,0.35
dairy,Muller Light Mandarin Yogurt 190G,230,0.32
dairy,Muller Light Orange And Dark Chocolate Yogurt 165G,218,0.37
dairy,Muller Light Raspberry Cranberry Yogurt 190G,218,0.32
dairy,Muller Light Rhubarb Yogurt 190G,220,0.32
dairy,Muller Light Strawberry Yogurt 190G,218,0.32
dairy,Muller Light Toffee Yogurt 190G,217,0.32
dairy,Muller Light Vanilla And Chocolate Yogurt 165G,220,0.37
dairy,Muller Light Vanilla Yogurt 190G,212,0.32
dairy,Tesco Low Fat Berry Medley Yogurt 6X125g,385,0.15
dairy,Tesco Low Fat Black Cherry Yogurt 150G,385,0.26
dairy,Tesco Low Fat Garden Fruits Yogurt 6X125g,390,0.15
dairy,Tesco Low Fat Hazelnut Yogurt 150G,450,0.26
dairy,Tesco Low Fat Mango And Passion Fuit Yoghurt 150G,405,0.26
dairy,Tesco Low Fat Raspberry Yoghurt 150G,385,0.26
dairy,Tesco Low Fat Strawberry Yogurt 150G,385,0.26
dairy,Tesco Low Fat Sunshine Fruits Yogurt 6X125g,395,0.15
dairy,Tesco Low Fat Sweet Treat Yogurt 6X125g,445,0.15
dairy,Tesco Low Fat Toffee Yogurt 150G,470,0.26
dairy,Tesco Value Low Fat Yogurt 4X125g,320,0.06
dairy,Tesco Value Low Fat Yogurt Strawberry 125G,330,0.12
dairy,Weight Watchers Berry Cherry Fromage Frais 4X100g,,0.32
dairy,Weight Watchers Vanilla And Fruit Fromage Frais 4X100g,,0.32
dairy,Yoo Light Thing Cherry And Peach And Apricot Yoghurt 6X180g,0,0.27
dairy,Yoo Light Thing Cherry Yogurt 180G,310,0.28
dairy,Yoo Light Thing Rhubarb And Raspberry 6X180g,0,0.27
dairy,Yoo Light Thing Strawberry Yogurt 180G,310,0.28
dairy,Yoo Light Thing Toffee 180G,350,0.28
dairy,Yoo Light Thing Vanilla And Toffee 6X180,0,0.27
dairy,Yoo Light Thing Vanilla Yogurt 180G,320,0.28
dairy,Ann Forshaw's Farmhouse Yoghurt Damson And Plum 150G,583,0.25
dairy,Ann Forshaw's Farmhouse Yoghurt Redcurrant And Strawberry 150G,544,0.25
dairy,Disney Double Bubble 4X70g,525,0.36
dairy,Disney Fromage Frais 6X50g,460,0.3
dairy,Disney Probiotic Strawberry Drink 4X100g,285,0.25
dairy,Frubes 9X40g,444,0.56
dairy,Frubes Limited Edition 9X40g,,0.56
dairy,Frubes Pouch Strawberry And Apricot6x80g,403,0.42
dairy,Frubes Pouches 6X80g,401,0.42
dairy,Muller Fruit Corner Snacksize 8X95g,480,0.43
dairy,Muller Little Stars Fromage Frais 6X50g,450,0.24
dairy,Muller Little Stars Jelly 6X75g,209,0.16
dairy,Muller Little Stars Smooth Yogurt 6X85g,407,0.14
dairy,Munch Bunch Strawberry And Banana Double Up 4X90g,462,0.39
dairy,Munch Bunch Wholemilk Strawberry 4X100g,,0.35
dairy,Petits Filous Fromage Frais 18X50g,,0.28
dairy,Petits Filous Fromage Frais Big Pots 4X100g,,0.38
dairy,Petits Filous Fromage Frais Strawberry Raspberry 6X50g,,0.5
dairy,Petits Filous Layered Fromage Frais 6X55g,,0.46
dairy,Petits Filous Little Desserts 6X55g,,0.46
dairy,Petits Filous Natural Fromage Frais 6X50g,,0.5
dairy,Petits Filous Strawberry &R/Berry Yogurt 4X100g,,0.38
dairy,Petits Filous Strawberry And Apricot 6X50g,,0.5
dairy,Petits Filous Strawberry Fromage Frais 6X50g,,0.5
dairy,Plum Baby Organic Fromage Frais 6X55g,405,0.53
dairy,Plum Baby Organic Yogurt 6X55g,342,0.53
dairy,Tesco Value Fromage Frais 6X60g,365,0.12
dairy,Wildlife Choobs 6X40g,444,0.42
dairy,Wildlife Fromage Frais 18X45g,380,0.24
dairy,Wildlife Fromage Frais 6X45g,380,0.37
dairy,Wildlife Fromage Frais Big Pots 4X90g,382,0.19
dairy,Wildlife Jungle Beans Strawberry Yogurt 120G,539,0.54
dairy,Wildlife Limited Edition Choobs 6X40g,444,0.42
dairy,Activia Pouring Natural Yogurt 1X950g,216,0.21
dairy,Activia Pouring Strawberry Yogurt 1X950g,250,0.21
dairy,Activia Pouring Vanilla Yogurt 1X950g,263,0.21
dairy,Muller Light Big Pot Strawberry 450G,218,0.26
dairy,Muller Light Big Pot Vanilla 450G,212,0.26
dairy,Rachel's Organic Apple And Elderflower Yogurt 450G,383,0.35
dairy,Rachel's Organic Coconut Greek Yoghurt 450G,652,0.42
dairy,Rachel's Organic Greek Style Yoghurt With Ginger 450G,553,0.42
dairy,Rachel's Organic Honey Greek Yoghurt 450G,573,0.42
dairy,Rachel's Organic Low Fat Rhubarb Yogurt 450G,350,0.35
dairy,Rachel's Organic Low Fat Vanilla Yogurt 450G,355,0.35
dairy,Rachels Organic Gooseberry Yogurt 450G,421,0.35
dairy,Tesco Organic Greek Yogurt 500G,535,0.28
dairy,Tesco Organic Low Fat Natural Yogurt 500G,260,0.24
dairy,Twekkelo Apple & Cinnamon Yogurt 500G,481,0.31
dairy,Yeo Valley Organic Fat Free Natual Yogurt 150G,254,0.33
dairy,Yeo Valley Organic Greek Yoghurt With Coconut 4X100g,631,1.32
dairy,Yeo Valley Organic Greek Yoghurt With Honey 4*100G,636,0.39
dairy,Yeo Valley Organic Natural Yogurt 150G,348,0.25
dairy,Yeo Valley Organic W/Milk Blueberry Yogurt 450G,400,0.3
dairy,Danone Activia Natural Bio Yogurt 4X125g,279,0.32
dairy,Danone Activia Natural Bio Yogurt 500G,259,0.24
dairy,Light Choices Natural Fromage Frais 500G,196,0.17
dairy,Light Choices Vegetarian Fat Free Natural Bio Yogurt 200G,225,0.25
dairy,Light Choices Vegetarian Fat Free Natural Bio Yogurt 500G,225,0.18
dairy,Onken Biopot Vegetarian Fat Free 0.1% Natural Yogurt 450G,304,0.22
dairy,Tesco 0% Greek Natural Yogurt 200G,220,0.25
dairy,Tesco Finest Greek Yogurt 500G,550,0.36
dairy,Tesco Greek Light Yogurt 4X100g,325,0.37
dairy,Tesco Greek Style Natural Yogurt 200G,600,0.25
dairy,Tesco Greek Style Natural Yogurt 500G,600,0.2
dairy,Tesco Healthy Living Greek Style Natural Yogurt 500G,340,0.2
dairy,Tesco Low Fat Natural Yogurt 1Kg,285,0.16
dairy,Tesco Low Fat Natural Yogurt 4X125g,275,0.24
dairy,Tesco Low Fat Natural Yogurt 500G,285,0.18
dairy,Tesco Raspberry Breakfast Pots 2X190g,490,0.47
dairy,Tesco Value Natural Yogurt 500G,265,0.1
dairy,Total 10% Greek Yogurt 170G,540,0.52
dairy,Total Greek 0% Fat Yogurt 170G,221,0.59
dairy,Muller Amore Orange Yogurt 150G,607,0.4
dairy,Muller Amore Peach And Passion Fruit Yogurt 150G,610,0.4
dairy,Muller Amore Strawberry Yogurt 150G,603,0.4
dairy,Muller Amore Walnut And Honey Yogurt 150G,669,0.4
dairy,Perle De Lait Coconut Yogurt 4X125g,,0.39
dairy,Tesco Finest Champagne Rhubarb Yogurt 150G,565,0.46
dairy,Tesco Finest Devonshire Fudge Yogurt 150G,745,0.46
dairy,Tesco Finest Hazelnut Yogurt 150G,725,0.46
dairy,Tesco Finest Heather Honey & Stem Ginger 150G,640,0.46
dairy,Tesco Finest Lemon Curd Yogurt 150G,710,0.46
dairy,Tesco Finest Limited Edition Yogurt 150G,515,0.46
dairy,Tesco Finest Malaysian Coconut Yogurt 150G,725,0.46
dairy,Tesco Finest Raspberry & White Chocolate Yogurt 150G,655,0.46
dairy,Tesco Finest Scottish Raspberry Yogurt 150G,565,0.46
dairy,Tesco Finest Strawberry And Cream Yogurt 150G,535,0.46
dairy,Tesco Finest Swiss Black Cherry Yogurt 150G,570,0.46
dairy,Tesco Finest White Peach Yogurt 150G,550,0.46
dairy,Tesco Finest Wild Blueberry Yogurt 150G,560,0.46
dairy,Flora Pro.Activ Yogurt Drink Original 7X100g,211,0.56
dairy,Flora Pro.Activ Yogurt Drink Strawberry 7X100g,217,0.56
dairy,Healthy Living Chol Red Yogurt Drink Original 4X100g,350,0.4
dairy,Healthy Living Chol Red Yogurt Drink Strawberry 4X100g,370,0.4
dairy,Danone Actimel 0.1% Fat Original Drink 4X100g,121,0.4
dairy,Danone Actimel 0.1% Fat Original Drink 8X100g,121,0.29
dairy,Danone Actimel 0.1% Strawberry Drink 8X100g,125,0.29
dairy,Danone Actimel Blueberry Drink 8X100g,316,0.29
dairy,Danone Actimel Coconut Drink 8X100g,338,0.29
dairy,Danone Actimel Drink Multifruit 12Pk 12X100g,327,0.17
dairy,Danone Actimel Drink Original 0.1% 12Pk,121,0.17
dairy,Danone Actimel Drink Strawberry 12Pk 12X100g,316,0.17
dairy,Danone Actimel Multifruit Drink 8X100g,327,0.29
dairy,Danone Actimel Orange Drink 8X100g,315,0.29
dairy,Danone Actimel Original Drink 8X100g,301,0.29
dairy,Danone Actimel Peach And Mango 0% Drink 8X100g,116,0.29
dairy,Danone Actimel Raspberry 0% Drink 8X100g,125,0.33
dairy,Danone Actimel Strawberry Drink 4X100g,316,0.4
dairy,Danone Actimel Strawberry Drink 8X100g,316,0.29
dairy,Danone Actimel Vanilla Drink 8X100g,337,0.29
dairy,Tesco Natural Defences Yogurt Drink Blueberry 6X100g,285,0.25
dairy,Tesco Natural Defences Yogurt Drink Strawberry 6X100g,340,0.25
dairy,Tesco Natural Defences Yogurt Drink Strawberry 8X100g,340,0.25
dairy,Tesco Value Yogurt Drink 6X100g,,0.17
dairy,Tesco Ready Roll Sweet Shortcrust Pastry 375G,1635,0.4
dairy,Tesco Ready Rolled Shortcrust Pastry 375G,1840,0.33
vegetable,Miniature Leeks 110G,95,1.37
vegetable,Stir Fry Vegetable Medley 220G,153,0.83
vegetable,Tesco Mixed Vegetable Selection 350G,122,0.71
vegetable,Tesco Vegetable Medley 170G,151,0.88
vegetable,Tesco Choi Sum 200G,48,0.75
vegetable,Sliced Mushrooms 250G,56,0.39
vegetable,Sweet Potatoes 1 Kilograms,415,0.16
vegetable,Bartlett Organic Red Rooster Potatoes 1.5Kg,325,0.12
vegetable,Butternut And Sweet Potatoes 415G,180,0.36
vegetable,Tesco Finest Tender Vegetables With Caesar Butter 240G,295,0.83
vegetable,Tesco Garden Layered Vegetables 300G,305,0.43
vegetable,Tesco Root Vegetable For Mashing 565G,153,0.18
vegetable,Tesco Organic Carrot Batons 350G,156,0.26
vegetable,T.Ltd Edition Stir Fry Sauce 175G,620,0.56
vegetable,Tesco Black Bean Stir Fry Sauce 175G,440,0.57
vegetable,Tesco Chinese Stir Fry Sauce 175G,395,0.57
vegetable,Tesco Hoi Sin And Garlic Stir Fry Sauce 175G,790,0.57
vegetable,Tesco Oriental Stir Fry 230G,103,0.87
vegetable,Tesco Sweet Chilli Stir Fry Sauce 175G,500,0.57
